2026-07-26 02:08:19.549 | INFO     | __main__:generate_all:65 - Starting full pipeline execution...
2026-07-26 02:08:23.912 | INFO     | orchestrator:__init__:52 - Orchestrator initialized with 17 engines
2026-07-26 02:08:23.913 | INFO     | orchestrator:__init__:53 - Execution order: master → police → population → media → time → festival → weather → scenario → crime → behaviour → evidence → gang → communication → financial → investigation → narrative → export
2026-07-26 02:08:23.913 | INFO     | orchestrator:run_all:146 - ============================================================
2026-07-26 02:08:23.913 | INFO     | orchestrator:run_all:147 - CRIME SIMULATION LABORATORY — FULL PIPELINE EXECUTION
2026-07-26 02:08:23.913 | INFO     | orchestrator:run_all:148 - ============================================================
2026-07-26 02:08:23.913 | INFO     | orchestrator:run_all:149 - Seed: 42
2026-07-26 02:08:23.913 | INFO     | orchestrator:run_all:150 - Scale: 1000 cases, 50000 population
2026-07-26 02:08:23.914 | INFO     | orchestrator:run_all:151 - Years: 2020 - 2026
2026-07-26 02:08:23.914 | INFO     | orchestrator:run_all:152 - 
2026-07-26 02:08:23.914 | INFO     | orchestrator:run_all:171 - ────────────────────────────────────────
2026-07-26 02:08:23.914 | INFO     | orchestrator:run_all:172 - Running engine: master
2026-07-26 02:08:23.914 | INFO     | engines.base_engine:run:195 - Engine 'master' starting...
2026-07-26 02:08:23.914 | INFO     | engines.master_engine.engine:generate:43 - Generating master lookup tables...
2026-07-26 02:08:24.102 | INFO     | engines.master_engine.engine:_generate_police_stations:265 - Generated 1376 police stations
2026-07-26 02:08:24.128 | INFO     | engines.master_engine.engine:_generate_courts:341 - Generated 238 courts
2026-07-26 02:08:24.227 | INFO     | engines.master_engine.engine:generate:103 - Master generation complete: 18 tables, 1990 total records
2026-07-26 02:08:24.227 | INFO     | engines.base_engine:put:109 - DataStore: stored 'states' with 1 records
2026-07-26 02:08:24.227 | INFO     | engines.base_engine:put:109 - DataStore: stored 'districts' with 31 records
2026-07-26 02:08:24.227 | INFO     | engines.base_engine:put:109 - DataStore: stored 'taluks' with 111 records
2026-07-26 02:08:24.227 | INFO     | engines.base_engine:put:109 - DataStore: stored 'unit_types' with 8 records
2026-07-26 02:08:24.227 | INFO     | engines.base_engine:put:109 - DataStore: stored 'police_stations' with 1376 records
2026-07-26 02:08:24.228 | INFO     | engines.base_engine:put:109 - DataStore: stored 'courts' with 238 records
2026-07-26 02:08:24.228 | INFO     | engines.base_engine:put:109 - DataStore: stored 'ranks' with 13 records
2026-07-26 02:08:24.228 | INFO     | engines.base_engine:put:109 - DataStore: stored 'designations' with 10 records
2026-07-26 02:08:24.228 | INFO     | engines.base_engine:put:109 - DataStore: stored 'occupations' with 30 records
2026-07-26 02:08:24.228 | INFO     | engines.base_engine:put:109 - DataStore: stored 'religions' with 7 records
2026-07-26 02:08:24.228 | INFO     | engines.base_engine:put:109 - DataStore: stored 'castes' with 20 records
2026-07-26 02:08:24.228 | INFO     | engines.base_engine:put:109 - DataStore: stored 'case_categories' with 4 records
2026-07-26 02:08:24.229 | INFO     | engines.base_engine:put:109 - DataStore: stored 'case_statuses' with 12 records
2026-07-26 02:08:24.229 | INFO     | engines.base_engine:put:109 - DataStore: stored 'gravity_offences' with 3 records
2026-07-26 02:08:24.229 | INFO     | engines.base_engine:put:109 - DataStore: stored 'crime_heads' with 30 records
2026-07-26 02:08:24.229 | INFO     | engines.base_engine:put:109 - DataStore: stored 'crime_sub_heads' with 46 records
2026-07-26 02:08:24.229 | INFO     | engines.base_engine:put:109 - DataStore: stored 'acts' with 17 records
2026-07-26 02:08:24.229 | INFO     | engines.base_engine:put:109 - DataStore: stored 'sections' with 33 records
2026-07-26 02:08:24.230 | INFO     | engines.base_engine:run:222 - Engine 'master' completed: 1990 records across 18 tables in 0.32s
2026-07-26 02:08:24.230 | INFO     | orchestrator:run_all:171 - ────────────────────────────────────────
2026-07-26 02:08:24.230 | INFO     | orchestrator:run_all:172 - Running engine: police
2026-07-26 02:08:24.230 | INFO     | engines.base_engine:run:195 - Engine 'police' starting...
2026-07-26 02:08:24.230 | INFO     | engines.police_engine:generate:27 - Generating police personnel...
2026-07-26 02:08:25.215 | INFO     | engines.police_engine:generate:163 - Generated 3000 employees with 3000 postings
2026-07-26 02:08:25.218 | INFO     | engines.base_engine:put:109 - DataStore: stored 'employees' with 3000 records
2026-07-26 02:08:25.218 | INFO     | engines.base_engine:put:109 - DataStore: stored 'postings' with 3000 records
2026-07-26 02:08:25.218 | INFO     | engines.base_engine:run:222 - Engine 'police' completed: 6000 records across 2 tables in 0.99s
2026-07-26 02:08:25.218 | INFO     | orchestrator:run_all:171 - ────────────────────────────────────────
2026-07-26 02:08:25.218 | INFO     | orchestrator:run_all:172 - Running engine: population
2026-07-26 02:08:25.219 | INFO     | engines.base_engine:run:195 - Engine 'population' starting...
2026-07-26 02:08:25.219 | INFO     | engines.population_engine.engine:generate:40 - Generating synthetic population...
2026-07-26 02:08:53.662 | INFO     | engines.population_engine.engine:generate:77 - Generated 50000 persons in 12000 households with 44151 family relationships
2026-07-26 02:08:53.662 | INFO     | engines.base_engine:put:109 - DataStore: stored 'persons' with 50000 records
2026-07-26 02:08:53.662 | INFO     | engines.base_engine:put:109 - DataStore: stored 'households' with 12000 records
2026-07-26 02:08:53.663 | INFO     | engines.base_engine:put:109 - DataStore: stored 'family_relationships' with 44151 records
2026-07-26 02:08:53.663 | INFO     | engines.base_engine:run:222 - Engine 'population' completed: 106151 records across 3 tables in 28.44s
2026-07-26 02:08:53.663 | INFO     | orchestrator:run_all:171 - ────────────────────────────────────────
2026-07-26 02:08:53.663 | INFO     | orchestrator:run_all:172 - Running engine: media
2026-07-26 02:08:53.663 | INFO     | engines.base_engine:run:195 - Engine 'media' starting...
2026-07-26 02:08:53.663 | INFO     | engines.media_engine:generate:105 - Starting Media Asset Generation Engine...
2026-07-26 02:08:53.666 | INFO     | engines.media_engine:generate:143 - Generating 1500 person profile images...
2026-07-26 02:09:06.001 | INFO     | engines.media_engine:generate:151 - Generating 90 officer profile images...
2026-07-26 02:09:07.046 | INFO     | engines.media_engine:generate:160 - Generating 20 vehicle images...
2026-07-26 02:09:07.395 | INFO     | engines.media_engine:generate:166 - Generating evidence type images...
2026-07-26 02:09:07.536 | INFO     | engines.media_engine:generate:172 - Generating crime scene images...
2026-07-26 02:09:07.995 | INFO     | engines.media_engine:generate:178 - Generating CCTV frame images...
2026-07-26 02:09:08.497 | INFO     | engines.media_engine:generate:184 - Generating synthetic fingerprint images...
2026-07-26 02:09:08.632 | INFO     | engines.media_engine:generate:190 - Generating synthetic signature images...
2026-07-26 02:09:08.734 | INFO     | engines.media_engine:generate:196 - Generating district crime heatmaps...
2026-07-26 02:09:09.624 | INFO     | engines.media_engine:generate:204 - Generating PDF documents...
2026-07-26 02:09:13.143 | INFO     | engines.media_engine:generate:218 - Media engine complete: 1672 actual media files generated, 50000 metadata-only records
2026-07-26 02:09:13.147 | INFO     | engines.base_engine:put:109 - DataStore: stored 'media_assets' with 1672 records
2026-07-26 02:09:13.147 | INFO     | engines.base_engine:put:109 - DataStore: stored 'media_metadata_all' with 51672 records
2026-07-26 02:09:13.148 | INFO     | engines.base_engine:run:222 - Engine 'media' completed: 53344 records across 2 tables in 19.48s
2026-07-26 02:09:13.148 | INFO     | orchestrator:run_all:171 - ────────────────────────────────────────
2026-07-26 02:09:13.148 | INFO     | orchestrator:run_all:172 - Running engine: time
2026-07-26 02:09:13.148 | INFO     | engines.base_engine:run:195 - Engine 'time' starting...
2026-07-26 02:09:13.148 | INFO     | engines.time_engine:generate:28 - Generating temporal context data...
2026-07-26 02:09:13.186 | INFO     | engines.time_engine:generate:110 - Generated 2557 daily time context records (2020-2026)
2026-07-26 02:09:13.188 | INFO     | engines.base_engine:put:109 - DataStore: stored 'time_context' with 2557 records
2026-07-26 02:09:13.188 | INFO     | engines.base_engine:put:109 - DataStore: stored 'hourly_crime_distribution' with 24 records
2026-07-26 02:09:13.188 | INFO     | engines.base_engine:run:222 - Engine 'time' completed: 2581 records across 2 tables in 0.04s
2026-07-26 02:09:13.188 | INFO     | orchestrator:run_all:171 - ────────────────────────────────────────
2026-07-26 02:09:13.188 | INFO     | orchestrator:run_all:172 - Running engine: festival
2026-07-26 02:09:13.188 | INFO     | engines.base_engine:run:195 - Engine 'festival' starting...
2026-07-26 02:09:13.189 | INFO     | engines.festival_engine:generate:83 - Generating festival and event calendar...
2026-07-26 02:09:16.267 | INFO     | engines.festival_engine:generate:143 - Generated 3121 festival/event entries
2026-07-26 02:09:16.269 | INFO     | engines.base_engine:put:109 - DataStore: stored 'festival_calendar' with 3121 records
2026-07-26 02:09:16.269 | INFO     | engines.base_engine:run:222 - Engine 'festival' completed: 3121 records across 1 tables in 3.08s
2026-07-26 02:09:16.269 | INFO     | orchestrator:run_all:171 - ────────────────────────────────────────
2026-07-26 02:09:16.270 | INFO     | orchestrator:run_all:172 - Running engine: weather
2026-07-26 02:09:16.270 | INFO     | engines.base_engine:run:195 - Engine 'weather' starting...
2026-07-26 02:09:16.270 | INFO     | engines.weather_engine:generate:51 - Generating weather data...
2026-07-26 02:09:19.484 | INFO     | engines.weather_engine:generate:147 - Generated 79267 weather records across 31 districts
2026-07-26 02:09:19.508 | INFO     | engines.base_engine:put:109 - DataStore: stored 'weather_records' with 79267 records
2026-07-26 02:09:19.508 | INFO     | engines.base_engine:run:222 - Engine 'weather' completed: 79267 records across 1 tables in 3.24s
2026-07-26 02:09:19.509 | INFO     | orchestrator:run_all:171 - ────────────────────────────────────────
2026-07-26 02:09:19.509 | INFO     | orchestrator:run_all:172 - Running engine: scenario
2026-07-26 02:09:19.509 | INFO     | engines.base_engine:run:195 - Engine 'scenario' starting...
2026-07-26 02:09:19.509 | INFO     | engines.scenario_engine:generate:158 - Running scenario simulation engine...
2026-07-26 02:18:47.801 | INFO     | __main__:generate_all:65 - Starting full pipeline execution...
2026-07-26 02:18:49.067 | INFO     | orchestrator:__init__:52 - Orchestrator initialized with 17 engines
2026-07-26 02:18:49.067 | INFO     | orchestrator:__init__:53 - Execution order: master → police → population → media → time → festival → weather → scenario → crime → behaviour → evidence → gang → communication → financial → investigation → narrative → export
2026-07-26 02:18:49.067 | INFO     | orchestrator:run_all:146 - ============================================================
2026-07-26 02:18:49.068 | INFO     | orchestrator:run_all:147 - CRIME SIMULATION LABORATORY — FULL PIPELINE EXECUTION
2026-07-26 02:18:49.068 | INFO     | orchestrator:run_all:148 - ============================================================
2026-07-26 02:18:49.068 | INFO     | orchestrator:run_all:149 - Seed: 42
2026-07-26 02:18:49.068 | INFO     | orchestrator:run_all:150 - Scale: 1000 cases, 50000 population
2026-07-26 02:18:49.068 | INFO     | orchestrator:run_all:151 - Years: 2020 - 2026
2026-07-26 02:18:49.068 | INFO     | orchestrator:run_all:152 - 
2026-07-26 02:18:49.068 | INFO     | orchestrator:run_all:171 - ────────────────────────────────────────
2026-07-26 02:18:49.068 | INFO     | orchestrator:run_all:172 - Running engine: master
2026-07-26 02:18:49.068 | INFO     | engines.base_engine:run:195 - Engine 'master' starting...
2026-07-26 02:18:49.068 | INFO     | engines.master_engine.engine:generate:43 - Generating master lookup tables...
2026-07-26 02:18:49.227 | INFO     | engines.master_engine.engine:_generate_police_stations:265 - Generated 1376 police stations
2026-07-26 02:18:49.263 | INFO     | engines.master_engine.engine:_generate_courts:341 - Generated 238 courts
2026-07-26 02:18:49.355 | INFO     | engines.master_engine.engine:generate:103 - Master generation complete: 18 tables, 1990 total records
2026-07-26 02:18:49.355 | INFO     | engines.base_engine:put:109 - DataStore: stored 'states' with 1 records
2026-07-26 02:18:49.355 | INFO     | engines.base_engine:put:109 - DataStore: stored 'districts' with 31 records
2026-07-26 02:18:49.355 | INFO     | engines.base_engine:put:109 - DataStore: stored 'taluks' with 111 records
2026-07-26 02:18:49.355 | INFO     | engines.base_engine:put:109 - DataStore: stored 'unit_types' with 8 records
2026-07-26 02:18:49.355 | INFO     | engines.base_engine:put:109 - DataStore: stored 'police_stations' with 1376 records
2026-07-26 02:18:49.355 | INFO     | engines.base_engine:put:109 - DataStore: stored 'courts' with 238 records
2026-07-26 02:18:49.355 | INFO     | engines.base_engine:put:109 - DataStore: stored 'ranks' with 13 records
2026-07-26 02:18:49.355 | INFO     | engines.base_engine:put:109 - DataStore: stored 'designations' with 10 records
2026-07-26 02:18:49.355 | INFO     | engines.base_engine:put:109 - DataStore: stored 'occupations' with 30 records
2026-07-26 02:18:49.355 | INFO     | engines.base_engine:put:109 - DataStore: stored 'religions' with 7 records
2026-07-26 02:18:49.356 | INFO     | engines.base_engine:put:109 - DataStore: stored 'castes' with 20 records
2026-07-26 02:18:49.356 | INFO     | engines.base_engine:put:109 - DataStore: stored 'case_categories' with 4 records
2026-07-26 02:18:49.356 | INFO     | engines.base_engine:put:109 - DataStore: stored 'case_statuses' with 12 records
2026-07-26 02:18:49.356 | INFO     | engines.base_engine:put:109 - DataStore: stored 'gravity_offences' with 3 records
2026-07-26 02:18:49.356 | INFO     | engines.base_engine:put:109 - DataStore: stored 'crime_heads' with 30 records
2026-07-26 02:18:49.356 | INFO     | engines.base_engine:put:109 - DataStore: stored 'crime_sub_heads' with 46 records
2026-07-26 02:18:49.356 | INFO     | engines.base_engine:put:109 - DataStore: stored 'acts' with 17 records
2026-07-26 02:18:49.356 | INFO     | engines.base_engine:put:109 - DataStore: stored 'sections' with 33 records
2026-07-26 02:18:49.356 | INFO     | engines.base_engine:run:222 - Engine 'master' completed: 1990 records across 18 tables in 0.29s
2026-07-26 02:18:49.356 | INFO     | orchestrator:run_all:171 - ────────────────────────────────────────
2026-07-26 02:18:49.357 | INFO     | orchestrator:run_all:172 - Running engine: police
2026-07-26 02:18:49.357 | INFO     | engines.base_engine:run:195 - Engine 'police' starting...
2026-07-26 02:18:49.357 | INFO     | engines.police_engine:generate:27 - Generating police personnel...
2026-07-26 02:18:50.280 | INFO     | engines.police_engine:generate:163 - Generated 3000 employees with 3000 postings
2026-07-26 02:18:50.283 | INFO     | engines.base_engine:put:109 - DataStore: stored 'employees' with 3000 records
2026-07-26 02:18:50.283 | INFO     | engines.base_engine:put:109 - DataStore: stored 'postings' with 3000 records
2026-07-26 02:18:50.284 | INFO     | engines.base_engine:run:222 - Engine 'police' completed: 6000 records across 2 tables in 0.93s
2026-07-26 02:18:50.284 | INFO     | orchestrator:run_all:171 - ────────────────────────────────────────
2026-07-26 02:18:50.284 | INFO     | orchestrator:run_all:172 - Running engine: population
2026-07-26 02:18:50.284 | INFO     | engines.base_engine:run:195 - Engine 'population' starting...
2026-07-26 02:18:50.284 | INFO     | engines.population_engine.engine:generate:40 - Generating synthetic population...
2026-07-26 02:19:18.377 | INFO     | engines.population_engine.engine:generate:77 - Generated 50000 persons in 12000 households with 44151 family relationships
2026-07-26 02:19:18.377 | INFO     | engines.base_engine:put:109 - DataStore: stored 'persons' with 50000 records
2026-07-26 02:19:18.377 | INFO     | engines.base_engine:put:109 - DataStore: stored 'households' with 12000 records
2026-07-26 02:19:18.377 | INFO     | engines.base_engine:put:109 - DataStore: stored 'family_relationships' with 44151 records
2026-07-26 02:19:18.377 | INFO     | engines.base_engine:run:222 - Engine 'population' completed: 106151 records across 3 tables in 28.09s
2026-07-26 02:19:18.377 | INFO     | orchestrator:run_all:171 - ────────────────────────────────────────
2026-07-26 02:19:18.378 | INFO     | orchestrator:run_all:172 - Running engine: media
2026-07-26 02:19:18.378 | INFO     | engines.base_engine:run:195 - Engine 'media' starting...
2026-07-26 02:19:18.378 | INFO     | engines.media_engine:generate:105 - Starting Media Asset Generation Engine...
2026-07-26 02:19:18.381 | INFO     | engines.media_engine:generate:143 - Generating 1500 person profile images...
2026-07-26 02:19:30.201 | INFO     | engines.media_engine:generate:151 - Generating 90 officer profile images...
2026-07-26 02:19:30.917 | INFO     | engines.media_engine:generate:160 - Generating 20 vehicle images...
2026-07-26 02:19:31.287 | INFO     | engines.media_engine:generate:166 - Generating evidence type images...
2026-07-26 02:19:31.449 | INFO     | engines.media_engine:generate:172 - Generating crime scene images...
2026-07-26 02:19:31.711 | INFO     | engines.media_engine:generate:178 - Generating CCTV frame images...
2026-07-26 02:19:32.107 | INFO     | engines.media_engine:generate:184 - Generating synthetic fingerprint images...
2026-07-26 02:19:32.265 | INFO     | engines.media_engine:generate:190 - Generating synthetic signature images...
2026-07-26 02:19:32.301 | INFO     | engines.media_engine:generate:196 - Generating district crime heatmaps...
2026-07-26 02:19:32.907 | INFO     | engines.media_engine:generate:204 - Generating PDF documents...
2026-07-26 02:19:36.116 | INFO     | engines.media_engine:generate:218 - Media engine complete: 1672 actual media files generated, 50000 metadata-only records
2026-07-26 02:19:36.118 | INFO     | engines.base_engine:put:109 - DataStore: stored 'media_assets' with 1672 records
2026-07-26 02:19:36.118 | INFO     | engines.base_engine:put:109 - DataStore: stored 'media_metadata_all' with 51672 records
2026-07-26 02:19:36.119 | INFO     | engines.base_engine:run:222 - Engine 'media' completed: 53344 records across 2 tables in 17.74s
2026-07-26 02:19:36.119 | INFO     | orchestrator:run_all:171 - ────────────────────────────────────────
2026-07-26 02:19:36.119 | INFO     | orchestrator:run_all:172 - Running engine: time
2026-07-26 02:19:36.119 | INFO     | engines.base_engine:run:195 - Engine 'time' starting...
2026-07-26 02:19:36.119 | INFO     | engines.time_engine:generate:28 - Generating temporal context data...
2026-07-26 02:19:36.147 | INFO     | engines.time_engine:generate:110 - Generated 2557 daily time context records (2020-2026)
2026-07-26 02:19:36.149 | INFO     | engines.base_engine:put:109 - DataStore: stored 'time_context' with 2557 records
2026-07-26 02:19:36.150 | INFO     | engines.base_engine:put:109 - DataStore: stored 'hourly_crime_distribution' with 24 records
2026-07-26 02:19:36.150 | INFO     | engines.base_engine:run:222 - Engine 'time' completed: 2581 records across 2 tables in 0.03s
2026-07-26 02:19:36.150 | INFO     | orchestrator:run_all:171 - ────────────────────────────────────────
2026-07-26 02:19:36.150 | INFO     | orchestrator:run_all:172 - Running engine: festival
2026-07-26 02:19:36.150 | INFO     | engines.base_engine:run:195 - Engine 'festival' starting...
2026-07-26 02:19:36.150 | INFO     | engines.festival_engine:generate:83 - Generating festival and event calendar...
2026-07-26 02:19:38.662 | INFO     | engines.festival_engine:generate:143 - Generated 3121 festival/event entries
2026-07-26 02:19:38.662 | INFO     | engines.base_engine:put:109 - DataStore: stored 'festival_calendar' with 3121 records
2026-07-26 02:19:38.662 | INFO     | engines.base_engine:run:222 - Engine 'festival' completed: 3121 records across 1 tables in 2.51s
2026-07-26 02:19:38.663 | INFO     | orchestrator:run_all:171 - ────────────────────────────────────────
2026-07-26 02:19:38.663 | INFO     | orchestrator:run_all:172 - Running engine: weather
2026-07-26 02:19:38.663 | INFO     | engines.base_engine:run:195 - Engine 'weather' starting...
2026-07-26 02:19:38.663 | INFO     | engines.weather_engine:generate:51 - Generating weather data...
2026-07-26 02:19:41.529 | INFO     | engines.weather_engine:generate:147 - Generated 79267 weather records across 31 districts
2026-07-26 02:19:41.547 | INFO     | engines.base_engine:put:109 - DataStore: stored 'weather_records' with 79267 records
2026-07-26 02:19:41.547 | INFO     | engines.base_engine:run:222 - Engine 'weather' completed: 79267 records across 1 tables in 2.88s
2026-07-26 02:19:41.547 | INFO     | orchestrator:run_all:171 - ────────────────────────────────────────
2026-07-26 02:19:41.547 | INFO     | orchestrator:run_all:172 - Running engine: scenario
2026-07-26 02:19:41.547 | INFO     | engines.base_engine:run:195 - Engine 'scenario' starting...
2026-07-26 02:19:41.547 | INFO     | engines.scenario_engine:generate:158 - Running scenario simulation engine...
2026-07-26 16:55:45.038 | INFO     | __main__:generate_all:65 - Starting full pipeline execution...
2026-07-26 16:55:47.158 | INFO     | orchestrator:__init__:52 - Orchestrator initialized with 17 engines
2026-07-26 16:55:47.158 | INFO     | orchestrator:__init__:53 - Execution order: master → police → population → media → time → festival → weather → scenario → crime → behaviour → evidence → gang → communication → financial → investigation → narrative → export
2026-07-26 16:55:47.159 | INFO     | orchestrator:run_all:146 - ============================================================
2026-07-26 16:55:47.159 | INFO     | orchestrator:run_all:147 - CRIME SIMULATION LABORATORY — FULL PIPELINE EXECUTION
2026-07-26 16:55:47.159 | INFO     | orchestrator:run_all:148 - ============================================================
2026-07-26 16:55:47.159 | INFO     | orchestrator:run_all:149 - Seed: 42
2026-07-26 16:55:47.159 | INFO     | orchestrator:run_all:150 - Scale: 1000 cases, 50000 population
2026-07-26 16:55:47.159 | INFO     | orchestrator:run_all:151 - Years: 2020 - 2026
2026-07-26 16:55:47.159 | INFO     | orchestrator:run_all:152 - 
2026-07-26 16:55:47.159 | INFO     | orchestrator:run_all:171 - ────────────────────────────────────────
2026-07-26 16:55:47.160 | INFO     | orchestrator:run_all:172 - Running engine: master
2026-07-26 16:55:47.160 | INFO     | engines.base_engine:run:195 - Engine 'master' starting...
2026-07-26 16:55:47.160 | INFO     | engines.master_engine.engine:generate:43 - Generating master lookup tables...
2026-07-26 16:55:47.419 | INFO     | engines.master_engine.engine:_generate_police_stations:265 - Generated 1376 police stations
2026-07-26 16:55:47.452 | INFO     | engines.master_engine.engine:_generate_courts:341 - Generated 238 courts
2026-07-26 16:55:47.541 | INFO     | engines.master_engine.engine:generate:103 - Master generation complete: 18 tables, 1990 total records
2026-07-26 16:55:47.542 | INFO     | engines.base_engine:put:109 - DataStore: stored 'states' with 1 records
2026-07-26 16:55:47.542 | INFO     | engines.base_engine:put:109 - DataStore: stored 'districts' with 31 records
2026-07-26 16:55:47.542 | INFO     | engines.base_engine:put:109 - DataStore: stored 'taluks' with 111 records
2026-07-26 16:55:47.542 | INFO     | engines.base_engine:put:109 - DataStore: stored 'unit_types' with 8 records
2026-07-26 16:55:47.542 | INFO     | engines.base_engine:put:109 - DataStore: stored 'police_stations' with 1376 records
2026-07-26 16:55:47.542 | INFO     | engines.base_engine:put:109 - DataStore: stored 'courts' with 238 records
2026-07-26 16:55:47.542 | INFO     | engines.base_engine:put:109 - DataStore: stored 'ranks' with 13 records
2026-07-26 16:55:47.542 | INFO     | engines.base_engine:put:109 - DataStore: stored 'designations' with 10 records
2026-07-26 16:55:47.542 | INFO     | engines.base_engine:put:109 - DataStore: stored 'occupations' with 30 records
2026-07-26 16:55:47.543 | INFO     | engines.base_engine:put:109 - DataStore: stored 'religions' with 7 records
2026-07-26 16:55:47.543 | INFO     | engines.base_engine:put:109 - DataStore: stored 'castes' with 20 records
2026-07-26 16:55:47.543 | INFO     | engines.base_engine:put:109 - DataStore: stored 'case_categories' with 4 records
2026-07-26 16:55:47.543 | INFO     | engines.base_engine:put:109 - DataStore: stored 'case_statuses' with 12 records
2026-07-26 16:55:47.543 | INFO     | engines.base_engine:put:109 - DataStore: stored 'gravity_offences' with 3 records
2026-07-26 16:55:47.543 | INFO     | engines.base_engine:put:109 - DataStore: stored 'crime_heads' with 30 records
2026-07-26 16:55:47.543 | INFO     | engines.base_engine:put:109 - DataStore: stored 'crime_sub_heads' with 46 records
2026-07-26 16:55:47.543 | INFO     | engines.base_engine:put:109 - DataStore: stored 'acts' with 17 records
2026-07-26 16:55:47.544 | INFO     | engines.base_engine:put:109 - DataStore: stored 'sections' with 33 records
2026-07-26 16:55:47.544 | INFO     | engines.base_engine:run:222 - Engine 'master' completed: 1990 records across 18 tables in 0.38s
2026-07-26 16:55:47.544 | INFO     | orchestrator:run_all:171 - ────────────────────────────────────────
2026-07-26 16:55:47.544 | INFO     | orchestrator:run_all:172 - Running engine: police
2026-07-26 16:55:47.544 | INFO     | engines.base_engine:run:195 - Engine 'police' starting...
2026-07-26 16:55:47.544 | INFO     | engines.police_engine:generate:27 - Generating police personnel...
2026-07-26 16:55:48.516 | INFO     | engines.police_engine:generate:163 - Generated 3000 employees with 3000 postings
2026-07-26 16:55:48.520 | INFO     | engines.base_engine:put:109 - DataStore: stored 'employees' with 3000 records
2026-07-26 16:55:48.520 | INFO     | engines.base_engine:put:109 - DataStore: stored 'postings' with 3000 records
2026-07-26 16:55:48.520 | INFO     | engines.base_engine:run:222 - Engine 'police' completed: 6000 records across 2 tables in 0.98s
2026-07-26 16:55:48.520 | INFO     | orchestrator:run_all:171 - ────────────────────────────────────────
2026-07-26 16:55:48.520 | INFO     | orchestrator:run_all:172 - Running engine: population
2026-07-26 16:55:48.520 | INFO     | engines.base_engine:run:195 - Engine 'population' starting...
2026-07-26 16:55:48.521 | INFO     | engines.population_engine.engine:generate:40 - Generating synthetic population...
2026-07-26 16:56:30.928 | INFO     | engines.population_engine.engine:generate:77 - Generated 50000 persons in 12000 households with 44151 family relationships
2026-07-26 16:56:30.929 | INFO     | engines.base_engine:put:109 - DataStore: stored 'persons' with 50000 records
2026-07-26 16:56:30.929 | INFO     | engines.base_engine:put:109 - DataStore: stored 'households' with 12000 records
2026-07-26 16:56:30.930 | INFO     | engines.base_engine:put:109 - DataStore: stored 'family_relationships' with 44151 records
2026-07-26 16:56:30.930 | INFO     | engines.base_engine:run:222 - Engine 'population' completed: 106151 records across 3 tables in 42.41s
2026-07-26 16:56:30.931 | INFO     | orchestrator:run_all:171 - ────────────────────────────────────────
2026-07-26 16:56:30.931 | INFO     | orchestrator:run_all:172 - Running engine: media
2026-07-26 16:56:30.932 | INFO     | engines.base_engine:run:195 - Engine 'media' starting...
2026-07-26 16:56:30.932 | INFO     | engines.media_engine:generate:105 - Starting Media Asset Generation Engine...
2026-07-26 16:56:30.941 | INFO     | engines.media_engine:generate:143 - Generating 1500 person profile images...
2026-07-26 16:56:53.375 | INFO     | engines.media_engine:generate:151 - Generating 90 officer profile images...
2026-07-26 16:56:54.720 | INFO     | engines.media_engine:generate:160 - Generating 20 vehicle images...
2026-07-26 16:56:55.190 | INFO     | engines.media_engine:generate:166 - Generating evidence type images...
2026-07-26 16:56:55.349 | INFO     | engines.media_engine:generate:172 - Generating crime scene images...
2026-07-26 16:56:55.689 | INFO     | engines.media_engine:generate:178 - Generating CCTV frame images...
2026-07-26 16:56:56.183 | INFO     | engines.media_engine:generate:184 - Generating synthetic fingerprint images...
2026-07-26 16:56:56.406 | INFO     | engines.media_engine:generate:190 - Generating synthetic signature images...
2026-07-26 16:56:56.604 | INFO     | engines.media_engine:generate:196 - Generating district crime heatmaps...
2026-07-26 16:56:57.587 | INFO     | engines.media_engine:generate:204 - Generating PDF documents...
2026-07-26 16:57:03.422 | INFO     | engines.media_engine:generate:218 - Media engine complete: 1672 actual media files generated, 50000 metadata-only records
2026-07-26 16:57:03.426 | INFO     | engines.base_engine:put:109 - DataStore: stored 'media_assets' with 1672 records
2026-07-26 16:57:03.426 | INFO     | engines.base_engine:put:109 - DataStore: stored 'media_metadata_all' with 51672 records
2026-07-26 16:57:03.426 | INFO     | engines.base_engine:run:222 - Engine 'media' completed: 53344 records across 2 tables in 32.49s
2026-07-26 16:57:03.426 | INFO     | orchestrator:run_all:171 - ────────────────────────────────────────
2026-07-26 16:57:03.426 | INFO     | orchestrator:run_all:172 - Running engine: time
2026-07-26 16:57:03.427 | INFO     | engines.base_engine:run:195 - Engine 'time' starting...
2026-07-26 16:57:03.427 | INFO     | engines.time_engine:generate:28 - Generating temporal context data...
2026-07-26 16:57:03.470 | INFO     | engines.time_engine:generate:110 - Generated 2557 daily time context records (2020-2026)
2026-07-26 16:57:03.473 | INFO     | engines.base_engine:put:109 - DataStore: stored 'time_context' with 2557 records
2026-07-26 16:57:03.474 | INFO     | engines.base_engine:put:109 - DataStore: stored 'hourly_crime_distribution' with 24 records
2026-07-26 16:57:03.474 | INFO     | engines.base_engine:run:222 - Engine 'time' completed: 2581 records across 2 tables in 0.05s
2026-07-26 16:57:03.474 | INFO     | orchestrator:run_all:171 - ────────────────────────────────────────
2026-07-26 16:57:03.474 | INFO     | orchestrator:run_all:172 - Running engine: festival
2026-07-26 16:57:03.475 | INFO     | engines.base_engine:run:195 - Engine 'festival' starting...
2026-07-26 16:57:03.475 | INFO     | engines.festival_engine:generate:83 - Generating festival and event calendar...
2026-07-26 16:57:08.359 | INFO     | engines.festival_engine:generate:143 - Generated 3121 festival/event entries
2026-07-26 16:57:08.362 | INFO     | engines.base_engine:put:109 - DataStore: stored 'festival_calendar' with 3121 records
2026-07-26 16:57:08.363 | INFO     | engines.base_engine:run:222 - Engine 'festival' completed: 3121 records across 1 tables in 4.89s
2026-07-26 16:57:08.364 | INFO     | orchestrator:run_all:171 - ────────────────────────────────────────
2026-07-26 16:57:08.364 | INFO     | orchestrator:run_all:172 - Running engine: weather
2026-07-26 16:57:08.364 | INFO     | engines.base_engine:run:195 - Engine 'weather' starting...
2026-07-26 16:57:08.365 | INFO     | engines.weather_engine:generate:51 - Generating weather data...
2026-07-26 16:57:17.683 | INFO     | engines.weather_engine:generate:147 - Generated 79267 weather records across 31 districts
2026-07-26 16:57:17.737 | INFO     | engines.base_engine:put:109 - DataStore: stored 'weather_records' with 79267 records
2026-07-26 16:57:17.737 | INFO     | engines.base_engine:run:222 - Engine 'weather' completed: 79267 records across 1 tables in 9.37s
2026-07-26 16:57:17.738 | INFO     | orchestrator:run_all:171 - ────────────────────────────────────────
2026-07-26 16:57:17.738 | INFO     | orchestrator:run_all:172 - Running engine: scenario
2026-07-26 16:57:17.739 | INFO     | engines.base_engine:run:195 - Engine 'scenario' starting...
2026-07-26 16:57:17.739 | INFO     | engines.scenario_engine:generate:158 - Running scenario simulation engine...
2026-07-26 17:08:49.999 | INFO     | engines.scenario_engine:generate:287 - Scenario engine: 34665 active scenarios, 186419 probability modifiers generated
2026-07-26 17:08:50.038 | INFO     | engines.base_engine:put:109 - DataStore: stored 'active_scenarios' with 34665 records
2026-07-26 17:08:50.039 | INFO     | engines.base_engine:put:109 - DataStore: stored 'probability_modifiers' with 186419 records
2026-07-26 17:08:50.039 | INFO     | engines.base_engine:run:222 - Engine 'scenario' completed: 221084 records across 2 tables in 692.30s
2026-07-26 17:08:50.039 | INFO     | orchestrator:run_all:171 - ────────────────────────────────────────
2026-07-26 17:08:50.039 | INFO     | orchestrator:run_all:172 - Running engine: crime
2026-07-26 17:08:50.039 | INFO     | engines.base_engine:run:195 - Engine 'crime' starting...
2026-07-26 17:08:50.039 | INFO     | engines.crime_engine.engine:generate:32 - Generating event-based crimes...
2026-07-26 17:08:50.084 | INFO     | engines.crime_engine.engine:generate:73 - Distributing 1000 cases over 2557 days...
2026-07-26 17:08:50.098 | ERROR    | engines.base_engine:run:229 - Engine 'crime' FAILED: Probabilities do not sum to 1. See Notes section of docstring for more information.
2026-07-26 17:08:50.098 | ERROR    | orchestrator:run_all:178 - Engine 'crime' FAILED: Probabilities do not sum to 1. See Notes section of docstring for more information.
2026-07-26 17:08:50.099 | WARNING  | orchestrator:run_all:165 - SKIPPED 'behaviour': Skipped: dependency engine(s) failed: ['crime']
2026-07-26 17:08:50.099 | WARNING  | orchestrator:run_all:165 - SKIPPED 'evidence': Skipped: dependency engine(s) failed: ['crime']
2026-07-26 17:08:50.099 | WARNING  | orchestrator:run_all:165 - SKIPPED 'gang': Skipped: dependency engine(s) failed: ['behaviour']
2026-07-26 17:08:50.099 | WARNING  | orchestrator:run_all:165 - SKIPPED 'communication': Skipped: dependency engine(s) failed: ['crime', 'gang']
2026-07-26 17:08:50.099 | WARNING  | orchestrator:run_all:165 - SKIPPED 'financial': Skipped: dependency engine(s) failed: ['crime', 'gang']
2026-07-26 17:08:50.100 | WARNING  | orchestrator:run_all:165 - SKIPPED 'investigation': Skipped: dependency engine(s) failed: ['crime']
2026-07-26 17:08:50.100 | WARNING  | orchestrator:run_all:165 - SKIPPED 'narrative': Skipped: dependency engine(s) failed: ['crime', 'investigation']
2026-07-26 17:08:50.100 | WARNING  | orchestrator:run_all:165 - SKIPPED 'export': Skipped: dependency engine(s) failed: ['investigation', 'evidence', 'communication', 'financial', 'narrative']
2026-07-26 17:08:50.103 | INFO     | orchestrator:_save_report:264 - Generation report saved to: output\reports\generation_report.json
2026-07-26 17:08:50.103 | INFO     | orchestrator:_save_report:267 - 
2026-07-26 17:08:50.103 | INFO     | orchestrator:_save_report:268 - ============================================================
2026-07-26 17:08:50.103 | INFO     | orchestrator:_save_report:269 - GENERATION REPORT SUMMARY
2026-07-26 17:08:50.104 | INFO     | orchestrator:_save_report:270 - ============================================================
2026-07-26 17:08:50.104 | INFO     | orchestrator:_save_report:271 - Status: PARTIAL_FAILURE
2026-07-26 17:08:50.104 | INFO     | orchestrator:_save_report:272 - Duration: 782.94s
2026-07-26 17:08:50.104 | INFO     | orchestrator:_save_report:273 - Records: 473538
2026-07-26 17:08:50.104 | INFO     | orchestrator:_save_report:274 - Tables: 31
2026-07-26 17:08:50.104 | INFO     | orchestrator:_save_report:275 - Succeeded: 8
2026-07-26 17:08:50.104 | INFO     | orchestrator:_save_report:276 - Failed: 1
2026-07-26 17:08:50.105 | INFO     | orchestrator:_save_report:277 - Skipped: 8
2026-07-26 17:08:50.105 | INFO     | orchestrator:_save_report:278 - 
2026-07-26 17:08:50.105 | INFO     | orchestrator:_save_report:281 - DataStore Contents:
2026-07-26 17:08:50.105 | INFO     | orchestrator:_save_report:283 -   states: 1 records
2026-07-26 17:08:50.105 | INFO     | orchestrator:_save_report:283 -   districts: 31 records
2026-07-26 17:08:50.105 | INFO     | orchestrator:_save_report:283 -   taluks: 111 records
2026-07-26 17:08:50.105 | INFO     | orchestrator:_save_report:283 -   unit_types: 8 records
2026-07-26 17:08:50.106 | INFO     | orchestrator:_save_report:283 -   police_stations: 1376 records
2026-07-26 17:08:50.106 | INFO     | orchestrator:_save_report:283 -   courts: 238 records
2026-07-26 17:08:50.106 | INFO     | orchestrator:_save_report:283 -   ranks: 13 records
2026-07-26 17:08:50.106 | INFO     | orchestrator:_save_report:283 -   designations: 10 records
2026-07-26 17:08:50.106 | INFO     | orchestrator:_save_report:283 -   occupations: 30 records
2026-07-26 17:08:50.106 | INFO     | orchestrator:_save_report:283 -   religions: 7 records
2026-07-26 17:08:50.107 | INFO     | orchestrator:_save_report:283 -   castes: 20 records
2026-07-26 17:08:50.107 | INFO     | orchestrator:_save_report:283 -   case_categories: 4 records
2026-07-26 17:08:50.107 | INFO     | orchestrator:_save_report:283 -   case_statuses: 12 records
2026-07-26 17:08:50.107 | INFO     | orchestrator:_save_report:283 -   gravity_offences: 3 records
2026-07-26 17:08:50.107 | INFO     | orchestrator:_save_report:283 -   crime_heads: 30 records
2026-07-26 17:08:50.107 | INFO     | orchestrator:_save_report:283 -   crime_sub_heads: 46 records
2026-07-26 17:08:50.107 | INFO     | orchestrator:_save_report:283 -   acts: 17 records
2026-07-26 17:08:50.108 | INFO     | orchestrator:_save_report:283 -   sections: 33 records
2026-07-26 17:08:50.108 | INFO     | orchestrator:_save_report:283 -   employees: 3000 records
2026-07-26 17:08:50.108 | INFO     | orchestrator:_save_report:283 -   postings: 3000 records
2026-07-26 17:08:50.108 | INFO     | orchestrator:_save_report:283 -   persons: 50000 records
2026-07-26 17:08:50.108 | INFO     | orchestrator:_save_report:283 -   households: 12000 records
2026-07-26 17:08:50.108 | INFO     | orchestrator:_save_report:283 -   family_relationships: 44151 records
2026-07-26 17:08:50.109 | INFO     | orchestrator:_save_report:283 -   media_assets: 1672 records
2026-07-26 17:08:50.109 | INFO     | orchestrator:_save_report:283 -   media_metadata_all: 51672 records
2026-07-26 17:08:50.109 | INFO     | orchestrator:_save_report:283 -   time_context: 2557 records
2026-07-26 17:08:50.109 | INFO     | orchestrator:_save_report:283 -   hourly_crime_distribution: 24 records
2026-07-26 17:08:50.109 | INFO     | orchestrator:_save_report:283 -   festival_calendar: 3121 records
2026-07-26 17:08:50.109 | INFO     | orchestrator:_save_report:283 -   weather_records: 79267 records
2026-07-26 17:08:50.109 | INFO     | orchestrator:_save_report:283 -   active_scenarios: 34665 records
2026-07-26 17:08:50.110 | INFO     | orchestrator:_save_report:283 -   probability_modifiers: 186419 records
2026-07-26 17:08:50.110 | INFO     | orchestrator:_save_report:283 -   knowledge_graph_edges: 0 records
2026-07-26 17:08:50.110 | INFO     | orchestrator:_save_report:284 - ============================================================
2026-07-26 17:09:41.753 | INFO     | __main__:generate_all:65 - Starting full pipeline execution...
2026-07-26 17:09:43.210 | INFO     | orchestrator:__init__:52 - Orchestrator initialized with 17 engines
2026-07-26 17:09:43.210 | INFO     | orchestrator:__init__:53 - Execution order: master → police → population → media → time → festival → weather → scenario → crime → behaviour → evidence → gang → communication → financial → investigation → narrative → export
2026-07-26 17:09:43.211 | INFO     | orchestrator:run_all:146 - ============================================================
2026-07-26 17:09:43.211 | INFO     | orchestrator:run_all:147 - CRIME SIMULATION LABORATORY — FULL PIPELINE EXECUTION
2026-07-26 17:09:43.211 | INFO     | orchestrator:run_all:148 - ============================================================
2026-07-26 17:09:43.211 | INFO     | orchestrator:run_all:149 - Seed: 42
2026-07-26 17:09:43.211 | INFO     | orchestrator:run_all:150 - Scale: 1000 cases, 50000 population
2026-07-26 17:09:43.211 | INFO     | orchestrator:run_all:151 - Years: 2020 - 2026
2026-07-26 17:09:43.211 | INFO     | orchestrator:run_all:152 - 
2026-07-26 17:09:43.212 | INFO     | orchestrator:run_all:171 - ────────────────────────────────────────
2026-07-26 17:09:43.212 | INFO     | orchestrator:run_all:172 - Running engine: master
2026-07-26 17:09:43.212 | INFO     | engines.base_engine:run:195 - Engine 'master' starting...
2026-07-26 17:09:43.212 | INFO     | engines.master_engine.engine:generate:43 - Generating master lookup tables...
2026-07-26 17:09:43.388 | INFO     | engines.master_engine.engine:_generate_police_stations:265 - Generated 1376 police stations
2026-07-26 17:09:43.417 | INFO     | engines.master_engine.engine:_generate_courts:341 - Generated 238 courts
2026-07-26 17:09:43.512 | INFO     | engines.master_engine.engine:generate:103 - Master generation complete: 18 tables, 1990 total records
2026-07-26 17:09:43.512 | INFO     | engines.base_engine:put:109 - DataStore: stored 'states' with 1 records
2026-07-26 17:09:43.512 | INFO     | engines.base_engine:put:109 - DataStore: stored 'districts' with 31 records
2026-07-26 17:09:43.513 | INFO     | engines.base_engine:put:109 - DataStore: stored 'taluks' with 111 records
2026-07-26 17:09:43.513 | INFO     | engines.base_engine:put:109 - DataStore: stored 'unit_types' with 8 records
2026-07-26 17:09:43.513 | INFO     | engines.base_engine:put:109 - DataStore: stored 'police_stations' with 1376 records
2026-07-26 17:09:43.513 | INFO     | engines.base_engine:put:109 - DataStore: stored 'courts' with 238 records
2026-07-26 17:09:43.513 | INFO     | engines.base_engine:put:109 - DataStore: stored 'ranks' with 13 records
2026-07-26 17:09:43.513 | INFO     | engines.base_engine:put:109 - DataStore: stored 'designations' with 10 records
2026-07-26 17:09:43.513 | INFO     | engines.base_engine:put:109 - DataStore: stored 'occupations' with 30 records
2026-07-26 17:09:43.513 | INFO     | engines.base_engine:put:109 - DataStore: stored 'religions' with 7 records
2026-07-26 17:09:43.513 | INFO     | engines.base_engine:put:109 - DataStore: stored 'castes' with 20 records
2026-07-26 17:09:43.513 | INFO     | engines.base_engine:put:109 - DataStore: stored 'case_categories' with 4 records
2026-07-26 17:09:43.513 | INFO     | engines.base_engine:put:109 - DataStore: stored 'case_statuses' with 12 records
2026-07-26 17:09:43.514 | INFO     | engines.base_engine:put:109 - DataStore: stored 'gravity_offences' with 3 records
2026-07-26 17:09:43.514 | INFO     | engines.base_engine:put:109 - DataStore: stored 'crime_heads' with 30 records
2026-07-26 17:09:43.514 | INFO     | engines.base_engine:put:109 - DataStore: stored 'crime_sub_heads' with 46 records
2026-07-26 17:09:43.514 | INFO     | engines.base_engine:put:109 - DataStore: stored 'acts' with 17 records
2026-07-26 17:09:43.514 | INFO     | engines.base_engine:put:109 - DataStore: stored 'sections' with 33 records
2026-07-26 17:09:43.514 | INFO     | engines.base_engine:run:222 - Engine 'master' completed: 1990 records across 18 tables in 0.30s
2026-07-26 17:09:43.514 | INFO     | orchestrator:run_all:171 - ────────────────────────────────────────
2026-07-26 17:09:43.514 | INFO     | orchestrator:run_all:172 - Running engine: police
2026-07-26 17:09:43.515 | INFO     | engines.base_engine:run:195 - Engine 'police' starting...
2026-07-26 17:09:43.515 | INFO     | engines.police_engine:generate:27 - Generating police personnel...
2026-07-26 17:09:44.485 | INFO     | engines.police_engine:generate:163 - Generated 3000 employees with 3000 postings
2026-07-26 17:09:44.487 | INFO     | engines.base_engine:put:109 - DataStore: stored 'employees' with 3000 records
2026-07-26 17:09:44.488 | INFO     | engines.base_engine:put:109 - DataStore: stored 'postings' with 3000 records
2026-07-26 17:09:44.488 | INFO     | engines.base_engine:run:222 - Engine 'police' completed: 6000 records across 2 tables in 0.97s
2026-07-26 17:09:44.488 | INFO     | orchestrator:run_all:171 - ────────────────────────────────────────
2026-07-26 17:09:44.488 | INFO     | orchestrator:run_all:172 - Running engine: population
2026-07-26 17:09:44.488 | INFO     | engines.base_engine:run:195 - Engine 'population' starting...
2026-07-26 17:09:44.488 | INFO     | engines.population_engine.engine:generate:40 - Generating synthetic population...
2026-07-26 17:10:16.208 | INFO     | engines.population_engine.engine:generate:77 - Generated 50000 persons in 12000 households with 44151 family relationships
2026-07-26 17:10:16.209 | INFO     | engines.base_engine:put:109 - DataStore: stored 'persons' with 50000 records
2026-07-26 17:10:16.209 | INFO     | engines.base_engine:put:109 - DataStore: stored 'households' with 12000 records
2026-07-26 17:10:16.209 | INFO     | engines.base_engine:put:109 - DataStore: stored 'family_relationships' with 44151 records
2026-07-26 17:10:16.209 | INFO     | engines.base_engine:run:222 - Engine 'population' completed: 106151 records across 3 tables in 31.72s
2026-07-26 17:10:16.209 | INFO     | orchestrator:run_all:171 - ────────────────────────────────────────
2026-07-26 17:10:16.209 | INFO     | orchestrator:run_all:172 - Running engine: media
2026-07-26 17:10:16.209 | INFO     | engines.base_engine:run:195 - Engine 'media' starting...
2026-07-26 17:10:16.209 | INFO     | engines.media_engine:generate:105 - Starting Media Asset Generation Engine...
2026-07-26 17:10:16.212 | INFO     | engines.media_engine:generate:143 - Generating 1500 person profile images...
2026-07-26 17:10:35.884 | INFO     | engines.media_engine:generate:151 - Generating 90 officer profile images...
2026-07-26 17:10:37.264 | INFO     | engines.media_engine:generate:160 - Generating 20 vehicle images...
2026-07-26 17:10:37.642 | INFO     | engines.media_engine:generate:166 - Generating evidence type images...
2026-07-26 17:10:37.883 | INFO     | engines.media_engine:generate:172 - Generating crime scene images...
2026-07-26 17:10:38.324 | INFO     | engines.media_engine:generate:178 - Generating CCTV frame images...
2026-07-26 17:10:38.920 | INFO     | engines.media_engine:generate:184 - Generating synthetic fingerprint images...
2026-07-26 17:10:39.186 | INFO     | engines.media_engine:generate:190 - Generating synthetic signature images...
2026-07-26 17:10:39.315 | INFO     | engines.media_engine:generate:196 - Generating district crime heatmaps...
2026-07-26 17:10:40.006 | INFO     | engines.media_engine:generate:204 - Generating PDF documents...
2026-07-26 17:10:43.227 | INFO     | engines.media_engine:generate:218 - Media engine complete: 1672 actual media files generated, 50000 metadata-only records
2026-07-26 17:10:43.230 | INFO     | engines.base_engine:put:109 - DataStore: stored 'media_assets' with 1672 records
2026-07-26 17:10:43.231 | INFO     | engines.base_engine:put:109 - DataStore: stored 'media_metadata_all' with 51672 records
2026-07-26 17:10:43.231 | INFO     | engines.base_engine:run:222 - Engine 'media' completed: 53344 records across 2 tables in 27.02s
2026-07-26 17:10:43.231 | INFO     | orchestrator:run_all:171 - ────────────────────────────────────────
2026-07-26 17:10:43.231 | INFO     | orchestrator:run_all:172 - Running engine: time
2026-07-26 17:10:43.231 | INFO     | engines.base_engine:run:195 - Engine 'time' starting...
2026-07-26 17:10:43.231 | INFO     | engines.time_engine:generate:28 - Generating temporal context data...
2026-07-26 17:10:43.273 | INFO     | engines.time_engine:generate:110 - Generated 2557 daily time context records (2020-2026)
2026-07-26 17:10:43.275 | INFO     | engines.base_engine:put:109 - DataStore: stored 'time_context' with 2557 records
2026-07-26 17:10:43.276 | INFO     | engines.base_engine:put:109 - DataStore: stored 'hourly_crime_distribution' with 24 records
2026-07-26 17:10:43.276 | INFO     | engines.base_engine:run:222 - Engine 'time' completed: 2581 records across 2 tables in 0.04s
2026-07-26 17:10:43.276 | INFO     | orchestrator:run_all:171 - ────────────────────────────────────────
2026-07-26 17:10:43.276 | INFO     | orchestrator:run_all:172 - Running engine: festival
2026-07-26 17:10:43.276 | INFO     | engines.base_engine:run:195 - Engine 'festival' starting...
2026-07-26 17:10:43.276 | INFO     | engines.festival_engine:generate:83 - Generating festival and event calendar...
2026-07-26 17:10:45.918 | INFO     | engines.festival_engine:generate:143 - Generated 3121 festival/event entries
2026-07-26 17:10:45.919 | INFO     | engines.base_engine:put:109 - DataStore: stored 'festival_calendar' with 3121 records
2026-07-26 17:10:45.919 | INFO     | engines.base_engine:run:222 - Engine 'festival' completed: 3121 records across 1 tables in 2.64s
2026-07-26 17:10:45.919 | INFO     | orchestrator:run_all:171 - ────────────────────────────────────────
2026-07-26 17:10:45.919 | INFO     | orchestrator:run_all:172 - Running engine: weather
2026-07-26 17:10:45.919 | INFO     | engines.base_engine:run:195 - Engine 'weather' starting...
2026-07-26 17:10:45.919 | INFO     | engines.weather_engine:generate:51 - Generating weather data...
2026-07-26 17:10:49.448 | INFO     | engines.weather_engine:generate:147 - Generated 79267 weather records across 31 districts
2026-07-26 17:10:49.470 | INFO     | engines.base_engine:put:109 - DataStore: stored 'weather_records' with 79267 records
2026-07-26 17:10:49.470 | INFO     | engines.base_engine:run:222 - Engine 'weather' completed: 79267 records across 1 tables in 3.55s
2026-07-26 17:10:49.470 | INFO     | orchestrator:run_all:171 - ────────────────────────────────────────
2026-07-26 17:10:49.470 | INFO     | orchestrator:run_all:172 - Running engine: scenario
2026-07-26 17:10:49.471 | INFO     | engines.base_engine:run:195 - Engine 'scenario' starting...
2026-07-26 17:10:49.471 | INFO     | engines.scenario_engine:generate:158 - Running scenario simulation engine...
2026-07-26 17:18:53.761 | INFO     | engines.scenario_engine:generate:287 - Scenario engine: 34665 active scenarios, 186419 probability modifiers generated
2026-07-26 17:18:53.836 | INFO     | engines.base_engine:put:109 - DataStore: stored 'active_scenarios' with 34665 records
2026-07-26 17:18:53.836 | INFO     | engines.base_engine:put:109 - DataStore: stored 'probability_modifiers' with 186419 records
2026-07-26 17:18:53.836 | INFO     | engines.base_engine:run:222 - Engine 'scenario' completed: 221084 records across 2 tables in 484.37s
2026-07-26 17:18:53.837 | INFO     | orchestrator:run_all:171 - ────────────────────────────────────────
2026-07-26 17:18:53.837 | INFO     | orchestrator:run_all:172 - Running engine: crime
2026-07-26 17:18:53.837 | INFO     | engines.base_engine:run:195 - Engine 'crime' starting...
2026-07-26 17:18:53.837 | INFO     | engines.crime_engine.engine:generate:32 - Generating event-based crimes...
2026-07-26 17:18:53.891 | INFO     | engines.crime_engine.engine:generate:73 - Distributing 1000 cases over 2557 days...
2026-07-26 17:19:33.617 | INFO     | engines.crime_engine.engine:generate:306 - Generated 1000 cases, 1983 accused, 975 victims.
2026-07-26 17:19:33.646 | INFO     | engines.base_engine:put:109 - DataStore: stored 'cases' with 1000 records
2026-07-26 17:19:33.647 | INFO     | engines.base_engine:put:109 - DataStore: stored 'case_acts' with 1892 records
2026-07-26 17:19:33.647 | INFO     | engines.base_engine:put:109 - DataStore: stored 'case_sections' with 1282 records
2026-07-26 17:19:33.647 | INFO     | engines.base_engine:put:109 - DataStore: stored 'crime_events' with 1000 records
2026-07-26 17:19:33.647 | INFO     | engines.base_engine:put:109 - DataStore: stored 'victims' with 975 records
2026-07-26 17:19:33.647 | INFO     | engines.base_engine:put:109 - DataStore: stored 'accused_records' with 1983 records
2026-07-26 17:19:33.647 | INFO     | engines.base_engine:put:109 - DataStore: stored 'complainants' with 1000 records
2026-07-26 17:19:33.647 | INFO     | engines.base_engine:run:222 - Engine 'crime' completed: 9132 records across 7 tables in 39.81s
2026-07-26 17:19:33.647 | INFO     | orchestrator:run_all:171 - ────────────────────────────────────────
2026-07-26 17:19:33.647 | INFO     | orchestrator:run_all:172 - Running engine: behaviour
2026-07-26 17:19:33.648 | INFO     | engines.base_engine:run:195 - Engine 'behaviour' starting...
2026-07-26 17:19:33.648 | INFO     | engines.behaviour_engine.engine:generate:85 - Generating Modus Operandi and Psychological Profiles...
2026-07-26 17:19:34.091 | INFO     | engines.behaviour_engine.engine:generate:148 - Generated 988 M.O. profiles.
2026-07-26 17:19:34.097 | INFO     | engines.base_engine:put:109 - DataStore: stored 'modus_operandi' with 988 records
2026-07-26 17:19:34.098 | INFO     | engines.base_engine:put:109 - DataStore: stored 'accused_records' with 1983 records
2026-07-26 17:19:34.098 | INFO     | engines.base_engine:run:222 - Engine 'behaviour' completed: 2971 records across 2 tables in 0.45s
2026-07-26 17:19:34.098 | INFO     | orchestrator:run_all:171 - ────────────────────────────────────────
2026-07-26 17:19:34.098 | INFO     | orchestrator:run_all:172 - Running engine: evidence
2026-07-26 17:19:34.098 | INFO     | engines.base_engine:run:195 - Engine 'evidence' starting...
2026-07-26 17:19:34.098 | INFO     | engines.evidence_engine.engine:generate:27 - Generating Evidence and Forensics...
2026-07-26 17:19:34.161 | ERROR    | engines.base_engine:run:229 - Engine 'evidence' FAILED: cannot access local variable 'evd_id' where it is not associated with a value
2026-07-26 17:19:34.161 | ERROR    | orchestrator:run_all:178 - Engine 'evidence' FAILED: cannot access local variable 'evd_id' where it is not associated with a value
2026-07-26 17:19:34.162 | INFO     | orchestrator:run_all:171 - ────────────────────────────────────────
2026-07-26 17:19:34.162 | INFO     | orchestrator:run_all:172 - Running engine: gang
2026-07-26 17:19:34.163 | INFO     | engines.base_engine:run:195 - Engine 'gang' starting...
2026-07-26 17:19:34.163 | ERROR    | engines.base_engine:run:229 - Engine 'gang' FAILED: Engine 'gang' requires table 'mo_similarities' from engine 'behaviour', but it is not available in the DataStore. Ensure engine 'behaviour' runs successfully before 'gang'.
2026-07-26 17:19:34.163 | ERROR    | orchestrator:run_all:178 - Engine 'gang' FAILED: Engine 'gang' requires table 'mo_similarities' from engine 'behaviour', but it is not available in the DataStore. Ensure engine 'behaviour' runs successfully before 'gang'.
2026-07-26 17:19:34.163 | WARNING  | orchestrator:run_all:165 - SKIPPED 'communication': Skipped: dependency engine(s) failed: ['gang']
2026-07-26 17:19:34.163 | WARNING  | orchestrator:run_all:165 - SKIPPED 'financial': Skipped: dependency engine(s) failed: ['gang']
2026-07-26 17:19:34.164 | INFO     | orchestrator:run_all:171 - ────────────────────────────────────────
2026-07-26 17:19:34.164 | INFO     | orchestrator:run_all:172 - Running engine: investigation
2026-07-26 17:19:34.164 | INFO     | engines.base_engine:run:195 - Engine 'investigation' starting...
2026-07-26 17:19:34.164 | INFO     | engines.investigation_engine.engine:generate:30 - Generating 13-step Investigation Lifecycles...
2026-07-26 17:19:34.742 | INFO     | engines.investigation_engine.engine:generate:174 - Generated 5145 investigation diaries, 159 chargesheets and 548 court proceedings.
2026-07-26 17:19:34.762 | INFO     | engines.base_engine:put:109 - DataStore: stored 'cases' with 1000 records
2026-07-26 17:19:34.762 | INFO     | engines.base_engine:put:109 - DataStore: stored 'crime_events' with 6145 records
2026-07-26 17:19:34.762 | INFO     | engines.base_engine:put:109 - DataStore: stored 'investigation_diaries' with 5145 records
2026-07-26 17:19:34.763 | INFO     | engines.base_engine:put:109 - DataStore: stored 'chargesheet_details' with 159 records
2026-07-26 17:19:34.763 | INFO     | engines.base_engine:put:109 - DataStore: stored 'court_proceedings' with 548 records
2026-07-26 17:19:34.763 | INFO     | engines.base_engine:run:222 - Engine 'investigation' completed: 12997 records across 5 tables in 0.60s
2026-07-26 17:19:34.763 | INFO     | orchestrator:run_all:171 - ────────────────────────────────────────
2026-07-26 17:19:34.763 | INFO     | orchestrator:run_all:172 - Running engine: narrative
2026-07-26 17:19:34.763 | INFO     | engines.base_engine:run:195 - Engine 'narrative' starting...
2026-07-26 17:19:34.764 | INFO     | engines.narrative_engine.engine:generate:27 - Generating Consistent Narratives (Complaints, FIR Texts, Statements)...
2026-07-26 17:19:34.924 | INFO     | engines.narrative_engine.engine:generate:94 - Generated 2496 narrative documents.
2026-07-26 17:19:34.931 | INFO     | engines.base_engine:put:109 - DataStore: stored 'narrative_documents' with 2496 records
2026-07-26 17:19:34.932 | INFO     | engines.base_engine:run:222 - Engine 'narrative' completed: 2496 records across 1 tables in 0.17s
2026-07-26 17:19:34.932 | WARNING  | orchestrator:run_all:165 - SKIPPED 'export': Skipped: dependency engine(s) failed: ['evidence', 'communication', 'financial']
2026-07-26 17:19:34.934 | INFO     | orchestrator:_save_report:264 - Generation report saved to: output\reports\generation_report.json
2026-07-26 17:19:34.934 | INFO     | orchestrator:_save_report:267 - 
2026-07-26 17:19:34.935 | INFO     | orchestrator:_save_report:268 - ============================================================
2026-07-26 17:19:34.935 | INFO     | orchestrator:_save_report:269 - GENERATION REPORT SUMMARY
2026-07-26 17:19:34.935 | INFO     | orchestrator:_save_report:270 - ============================================================
2026-07-26 17:19:34.935 | INFO     | orchestrator:_save_report:271 - Status: PARTIAL_FAILURE
2026-07-26 17:19:34.935 | INFO     | orchestrator:_save_report:272 - Duration: 591.72s
2026-07-26 17:19:34.935 | INFO     | orchestrator:_save_report:273 - Records: 501134
2026-07-26 17:19:34.935 | INFO     | orchestrator:_save_report:274 - Tables: 46
2026-07-26 17:19:34.936 | INFO     | orchestrator:_save_report:275 - Succeeded: 12
2026-07-26 17:19:34.936 | INFO     | orchestrator:_save_report:276 - Failed: 2
2026-07-26 17:19:34.936 | INFO     | orchestrator:_save_report:277 - Skipped: 3
2026-07-26 17:19:34.936 | INFO     | orchestrator:_save_report:278 - 
2026-07-26 17:19:34.937 | INFO     | orchestrator:_save_report:281 - DataStore Contents:
2026-07-26 17:19:34.937 | INFO     | orchestrator:_save_report:283 -   states: 1 records
2026-07-26 17:19:34.937 | INFO     | orchestrator:_save_report:283 -   districts: 31 records
2026-07-26 17:19:34.937 | INFO     | orchestrator:_save_report:283 -   taluks: 111 records
2026-07-26 17:19:34.937 | INFO     | orchestrator:_save_report:283 -   unit_types: 8 records
2026-07-26 17:19:34.938 | INFO     | orchestrator:_save_report:283 -   police_stations: 1376 records
2026-07-26 17:19:34.938 | INFO     | orchestrator:_save_report:283 -   courts: 238 records
2026-07-26 17:19:34.938 | INFO     | orchestrator:_save_report:283 -   ranks: 13 records
2026-07-26 17:19:34.938 | INFO     | orchestrator:_save_report:283 -   designations: 10 records
2026-07-26 17:19:34.938 | INFO     | orchestrator:_save_report:283 -   occupations: 30 records
2026-07-26 17:19:34.939 | INFO     | orchestrator:_save_report:283 -   religions: 7 records
2026-07-26 17:19:34.939 | INFO     | orchestrator:_save_report:283 -   castes: 20 records
2026-07-26 17:19:34.939 | INFO     | orchestrator:_save_report:283 -   case_categories: 4 records
2026-07-26 17:19:34.939 | INFO     | orchestrator:_save_report:283 -   case_statuses: 12 records
2026-07-26 17:19:34.939 | INFO     | orchestrator:_save_report:283 -   gravity_offences: 3 records
2026-07-26 17:19:34.939 | INFO     | orchestrator:_save_report:283 -   crime_heads: 30 records
2026-07-26 17:19:34.940 | INFO     | orchestrator:_save_report:283 -   crime_sub_heads: 46 records
2026-07-26 17:19:34.940 | INFO     | orchestrator:_save_report:283 -   acts: 17 records
2026-07-26 17:19:34.940 | INFO     | orchestrator:_save_report:283 -   sections: 33 records
2026-07-26 17:19:34.940 | INFO     | orchestrator:_save_report:283 -   employees: 3000 records
2026-07-26 17:19:34.940 | INFO     | orchestrator:_save_report:283 -   postings: 3000 records
2026-07-26 17:19:34.940 | INFO     | orchestrator:_save_report:283 -   persons: 50000 records
2026-07-26 17:19:34.940 | INFO     | orchestrator:_save_report:283 -   households: 12000 records
2026-07-26 17:19:34.940 | INFO     | orchestrator:_save_report:283 -   family_relationships: 44151 records
2026-07-26 17:19:34.941 | INFO     | orchestrator:_save_report:283 -   media_assets: 1672 records
2026-07-26 17:19:34.941 | INFO     | orchestrator:_save_report:283 -   media_metadata_all: 51672 records
2026-07-26 17:19:34.941 | INFO     | orchestrator:_save_report:283 -   time_context: 2557 records
2026-07-26 17:19:34.941 | INFO     | orchestrator:_save_report:283 -   hourly_crime_distribution: 24 records
2026-07-26 17:19:34.941 | INFO     | orchestrator:_save_report:283 -   festival_calendar: 3121 records
2026-07-26 17:19:34.941 | INFO     | orchestrator:_save_report:283 -   weather_records: 79267 records
2026-07-26 17:19:34.941 | INFO     | orchestrator:_save_report:283 -   active_scenarios: 34665 records
2026-07-26 17:19:34.942 | INFO     | orchestrator:_save_report:283 -   probability_modifiers: 186419 records
2026-07-26 17:19:34.942 | INFO     | orchestrator:_save_report:283 -   cases: 1000 records
2026-07-26 17:19:34.942 | INFO     | orchestrator:_save_report:283 -   case_acts: 1892 records
2026-07-26 17:19:34.942 | INFO     | orchestrator:_save_report:283 -   case_sections: 1282 records
2026-07-26 17:19:34.942 | INFO     | orchestrator:_save_report:283 -   crime_events: 6145 records
2026-07-26 17:19:34.943 | INFO     | orchestrator:_save_report:283 -   victims: 975 records
2026-07-26 17:19:34.943 | INFO     | orchestrator:_save_report:283 -   accused_records: 1983 records
2026-07-26 17:19:34.943 | INFO     | orchestrator:_save_report:283 -   complainants: 1000 records
2026-07-26 17:19:34.943 | INFO     | orchestrator:_save_report:283 -   modus_operandi: 988 records
2026-07-26 17:19:34.943 | INFO     | orchestrator:_save_report:283 -   investigation_diaries: 5145 records
2026-07-26 17:19:34.943 | INFO     | orchestrator:_save_report:283 -   chargesheet_details: 159 records
2026-07-26 17:19:34.944 | INFO     | orchestrator:_save_report:283 -   court_proceedings: 548 records
2026-07-26 17:19:34.944 | INFO     | orchestrator:_save_report:283 -   narrative_documents: 2496 records
2026-07-26 17:19:34.944 | INFO     | orchestrator:_save_report:283 -   knowledge_graph_edges: 11091 records
2026-07-26 17:19:34.944 | INFO     | orchestrator:_save_report:284 - ============================================================
2026-07-26 17:21:12.690 | INFO     | __main__:generate_all:65 - Starting full pipeline execution...
2026-07-26 17:21:13.855 | INFO     | orchestrator:__init__:52 - Orchestrator initialized with 17 engines
2026-07-26 17:21:13.855 | INFO     | orchestrator:__init__:53 - Execution order: master → police → population → media → time → festival → weather → scenario → crime → behaviour → evidence → gang → communication → financial → investigation → narrative → export
2026-07-26 17:21:13.856 | INFO     | orchestrator:run_all:146 - ============================================================
2026-07-26 17:21:13.856 | INFO     | orchestrator:run_all:147 - CRIME SIMULATION LABORATORY — FULL PIPELINE EXECUTION
2026-07-26 17:21:13.856 | INFO     | orchestrator:run_all:148 - ============================================================
2026-07-26 17:21:13.856 | INFO     | orchestrator:run_all:149 - Seed: 42
2026-07-26 17:21:13.856 | INFO     | orchestrator:run_all:150 - Scale: 1000 cases, 50000 population
2026-07-26 17:21:13.856 | INFO     | orchestrator:run_all:151 - Years: 2020 - 2026
2026-07-26 17:21:13.856 | INFO     | orchestrator:run_all:152 - 
2026-07-26 17:21:13.857 | INFO     | orchestrator:run_all:171 - ────────────────────────────────────────
2026-07-26 17:21:13.857 | INFO     | orchestrator:run_all:172 - Running engine: master
2026-07-26 17:21:13.857 | INFO     | engines.base_engine:run:195 - Engine 'master' starting...
2026-07-26 17:21:13.857 | INFO     | engines.master_engine.engine:generate:43 - Generating master lookup tables...
2026-07-26 17:21:14.031 | INFO     | engines.master_engine.engine:_generate_police_stations:265 - Generated 1376 police stations
2026-07-26 17:21:14.057 | INFO     | engines.master_engine.engine:_generate_courts:341 - Generated 238 courts
2026-07-26 17:21:14.153 | INFO     | engines.master_engine.engine:generate:103 - Master generation complete: 18 tables, 1990 total records
2026-07-26 17:21:14.153 | INFO     | engines.base_engine:put:109 - DataStore: stored 'states' with 1 records
2026-07-26 17:21:14.153 | INFO     | engines.base_engine:put:109 - DataStore: stored 'districts' with 31 records
2026-07-26 17:21:14.153 | INFO     | engines.base_engine:put:109 - DataStore: stored 'taluks' with 111 records
2026-07-26 17:21:14.153 | INFO     | engines.base_engine:put:109 - DataStore: stored 'unit_types' with 8 records
2026-07-26 17:21:14.153 | INFO     | engines.base_engine:put:109 - DataStore: stored 'police_stations' with 1376 records
2026-07-26 17:21:14.153 | INFO     | engines.base_engine:put:109 - DataStore: stored 'courts' with 238 records
2026-07-26 17:21:14.153 | INFO     | engines.base_engine:put:109 - DataStore: stored 'ranks' with 13 records
2026-07-26 17:21:14.154 | INFO     | engines.base_engine:put:109 - DataStore: stored 'designations' with 10 records
2026-07-26 17:21:14.154 | INFO     | engines.base_engine:put:109 - DataStore: stored 'occupations' with 30 records
2026-07-26 17:21:14.154 | INFO     | engines.base_engine:put:109 - DataStore: stored 'religions' with 7 records
2026-07-26 17:21:14.154 | INFO     | engines.base_engine:put:109 - DataStore: stored 'castes' with 20 records
2026-07-26 17:21:14.154 | INFO     | engines.base_engine:put:109 - DataStore: stored 'case_categories' with 4 records
2026-07-26 17:21:14.154 | INFO     | engines.base_engine:put:109 - DataStore: stored 'case_statuses' with 12 records
2026-07-26 17:21:14.154 | INFO     | engines.base_engine:put:109 - DataStore: stored 'gravity_offences' with 3 records
2026-07-26 17:21:14.154 | INFO     | engines.base_engine:put:109 - DataStore: stored 'crime_heads' with 30 records
2026-07-26 17:21:14.154 | INFO     | engines.base_engine:put:109 - DataStore: stored 'crime_sub_heads' with 46 records
2026-07-26 17:21:14.154 | INFO     | engines.base_engine:put:109 - DataStore: stored 'acts' with 17 records
2026-07-26 17:21:14.154 | INFO     | engines.base_engine:put:109 - DataStore: stored 'sections' with 33 records
2026-07-26 17:21:14.154 | INFO     | engines.base_engine:run:222 - Engine 'master' completed: 1990 records across 18 tables in 0.30s
2026-07-26 17:21:14.154 | INFO     | orchestrator:run_all:171 - ────────────────────────────────────────
2026-07-26 17:21:14.155 | INFO     | orchestrator:run_all:172 - Running engine: police
2026-07-26 17:21:14.155 | INFO     | engines.base_engine:run:195 - Engine 'police' starting...
2026-07-26 17:21:14.155 | INFO     | engines.police_engine:generate:27 - Generating police personnel...
2026-07-26 17:21:15.107 | INFO     | engines.police_engine:generate:163 - Generated 3000 employees with 3000 postings
2026-07-26 17:21:15.112 | INFO     | engines.base_engine:put:109 - DataStore: stored 'employees' with 3000 records
2026-07-26 17:21:15.112 | INFO     | engines.base_engine:put:109 - DataStore: stored 'postings' with 3000 records
2026-07-26 17:21:15.112 | INFO     | engines.base_engine:run:222 - Engine 'police' completed: 6000 records across 2 tables in 0.96s
2026-07-26 17:21:15.112 | INFO     | orchestrator:run_all:171 - ────────────────────────────────────────
2026-07-26 17:21:15.112 | INFO     | orchestrator:run_all:172 - Running engine: population
2026-07-26 17:21:15.112 | INFO     | engines.base_engine:run:195 - Engine 'population' starting...
2026-07-26 17:21:15.113 | INFO     | engines.population_engine.engine:generate:40 - Generating synthetic population...
2026-07-26 17:21:45.275 | INFO     | engines.population_engine.engine:generate:77 - Generated 50000 persons in 12000 households with 44151 family relationships
2026-07-26 17:21:45.275 | INFO     | engines.base_engine:put:109 - DataStore: stored 'persons' with 50000 records
2026-07-26 17:21:45.276 | INFO     | engines.base_engine:put:109 - DataStore: stored 'households' with 12000 records
2026-07-26 17:21:45.276 | INFO     | engines.base_engine:put:109 - DataStore: stored 'family_relationships' with 44151 records
2026-07-26 17:21:45.276 | INFO     | engines.base_engine:run:222 - Engine 'population' completed: 106151 records across 3 tables in 30.16s
2026-07-26 17:21:45.276 | INFO     | orchestrator:run_all:171 - ────────────────────────────────────────
2026-07-26 17:21:45.276 | INFO     | orchestrator:run_all:172 - Running engine: media
2026-07-26 17:21:45.276 | INFO     | engines.base_engine:run:195 - Engine 'media' starting...
2026-07-26 17:21:45.276 | INFO     | engines.media_engine:generate:105 - Starting Media Asset Generation Engine...
2026-07-26 17:21:45.279 | INFO     | engines.media_engine:generate:143 - Generating 1500 person profile images...
2026-07-26 17:21:57.116 | INFO     | engines.media_engine:generate:151 - Generating 90 officer profile images...
2026-07-26 17:21:57.852 | INFO     | engines.media_engine:generate:160 - Generating 20 vehicle images...
2026-07-26 17:21:58.047 | INFO     | engines.media_engine:generate:166 - Generating evidence type images...
2026-07-26 17:21:58.180 | INFO     | engines.media_engine:generate:172 - Generating crime scene images...
2026-07-26 17:21:58.422 | INFO     | engines.media_engine:generate:178 - Generating CCTV frame images...
2026-07-26 17:21:58.777 | INFO     | engines.media_engine:generate:184 - Generating synthetic fingerprint images...
2026-07-26 17:21:58.931 | INFO     | engines.media_engine:generate:190 - Generating synthetic signature images...
2026-07-26 17:21:58.992 | INFO     | engines.media_engine:generate:196 - Generating district crime heatmaps...
2026-07-26 17:21:59.603 | INFO     | engines.media_engine:generate:204 - Generating PDF documents...
2026-07-26 17:22:02.889 | INFO     | engines.media_engine:generate:218 - Media engine complete: 1672 actual media files generated, 50000 metadata-only records
2026-07-26 17:22:02.892 | INFO     | engines.base_engine:put:109 - DataStore: stored 'media_assets' with 1672 records
2026-07-26 17:22:02.892 | INFO     | engines.base_engine:put:109 - DataStore: stored 'media_metadata_all' with 51672 records
2026-07-26 17:22:02.892 | INFO     | engines.base_engine:run:222 - Engine 'media' completed: 53344 records across 2 tables in 17.62s
2026-07-26 17:22:02.892 | INFO     | orchestrator:run_all:171 - ────────────────────────────────────────
2026-07-26 17:22:02.892 | INFO     | orchestrator:run_all:172 - Running engine: time
2026-07-26 17:22:02.892 | INFO     | engines.base_engine:run:195 - Engine 'time' starting...
2026-07-26 17:22:02.892 | INFO     | engines.time_engine:generate:28 - Generating temporal context data...
2026-07-26 17:22:02.913 | INFO     | engines.time_engine:generate:110 - Generated 2557 daily time context records (2020-2026)
2026-07-26 17:22:02.914 | INFO     | engines.base_engine:put:109 - DataStore: stored 'time_context' with 2557 records
2026-07-26 17:22:02.914 | INFO     | engines.base_engine:put:109 - DataStore: stored 'hourly_crime_distribution' with 24 records
2026-07-26 17:22:02.915 | INFO     | engines.base_engine:run:222 - Engine 'time' completed: 2581 records across 2 tables in 0.02s
2026-07-26 17:22:02.915 | INFO     | orchestrator:run_all:171 - ────────────────────────────────────────
2026-07-26 17:22:02.915 | INFO     | orchestrator:run_all:172 - Running engine: festival
2026-07-26 17:22:02.915 | INFO     | engines.base_engine:run:195 - Engine 'festival' starting...
2026-07-26 17:22:02.915 | INFO     | engines.festival_engine:generate:83 - Generating festival and event calendar...
2026-07-26 17:22:05.523 | INFO     | engines.festival_engine:generate:143 - Generated 3121 festival/event entries
2026-07-26 17:22:05.524 | INFO     | engines.base_engine:put:109 - DataStore: stored 'festival_calendar' with 3121 records
2026-07-26 17:22:05.525 | INFO     | engines.base_engine:run:222 - Engine 'festival' completed: 3121 records across 1 tables in 2.61s
2026-07-26 17:22:05.525 | INFO     | orchestrator:run_all:171 - ────────────────────────────────────────
2026-07-26 17:22:05.525 | INFO     | orchestrator:run_all:172 - Running engine: weather
2026-07-26 17:22:05.525 | INFO     | engines.base_engine:run:195 - Engine 'weather' starting...
2026-07-26 17:22:05.525 | INFO     | engines.weather_engine:generate:51 - Generating weather data...
2026-07-26 17:22:08.863 | INFO     | engines.weather_engine:generate:147 - Generated 79267 weather records across 31 districts
2026-07-26 17:22:08.881 | INFO     | engines.base_engine:put:109 - DataStore: stored 'weather_records' with 79267 records
2026-07-26 17:22:08.881 | INFO     | engines.base_engine:run:222 - Engine 'weather' completed: 79267 records across 1 tables in 3.36s
2026-07-26 17:22:08.881 | INFO     | orchestrator:run_all:171 - ────────────────────────────────────────
2026-07-26 17:22:08.881 | INFO     | orchestrator:run_all:172 - Running engine: scenario
2026-07-26 17:22:08.881 | INFO     | engines.base_engine:run:195 - Engine 'scenario' starting...
2026-07-26 17:22:08.881 | INFO     | engines.scenario_engine:generate:158 - Running scenario simulation engine...
2026-07-26 17:29:38.181 | INFO     | engines.scenario_engine:generate:287 - Scenario engine: 34665 active scenarios, 186419 probability modifiers generated
2026-07-26 17:29:38.217 | INFO     | engines.base_engine:put:109 - DataStore: stored 'active_scenarios' with 34665 records
2026-07-26 17:29:38.217 | INFO     | engines.base_engine:put:109 - DataStore: stored 'probability_modifiers' with 186419 records
2026-07-26 17:29:38.218 | INFO     | engines.base_engine:run:222 - Engine 'scenario' completed: 221084 records across 2 tables in 449.34s
2026-07-26 17:29:38.218 | INFO     | orchestrator:run_all:171 - ────────────────────────────────────────
2026-07-26 17:29:38.218 | INFO     | orchestrator:run_all:172 - Running engine: crime
2026-07-26 17:29:38.218 | INFO     | engines.base_engine:run:195 - Engine 'crime' starting...
2026-07-26 17:29:38.218 | INFO     | engines.crime_engine.engine:generate:32 - Generating event-based crimes...
2026-07-26 17:29:38.264 | INFO     | engines.crime_engine.engine:generate:73 - Distributing 1000 cases over 2557 days...
2026-07-26 17:30:09.442 | INFO     | engines.crime_engine.engine:generate:306 - Generated 1000 cases, 1983 accused, 975 victims.
2026-07-26 17:30:09.468 | INFO     | engines.base_engine:put:109 - DataStore: stored 'cases' with 1000 records
2026-07-26 17:30:09.469 | INFO     | engines.base_engine:put:109 - DataStore: stored 'case_acts' with 1892 records
2026-07-26 17:30:09.469 | INFO     | engines.base_engine:put:109 - DataStore: stored 'case_sections' with 1282 records
2026-07-26 17:30:09.469 | INFO     | engines.base_engine:put:109 - DataStore: stored 'crime_events' with 1000 records
2026-07-26 17:30:09.469 | INFO     | engines.base_engine:put:109 - DataStore: stored 'victims' with 975 records
2026-07-26 17:30:09.469 | INFO     | engines.base_engine:put:109 - DataStore: stored 'accused_records' with 1983 records
2026-07-26 17:30:09.469 | INFO     | engines.base_engine:put:109 - DataStore: stored 'complainants' with 1000 records
2026-07-26 17:30:09.469 | INFO     | engines.base_engine:run:222 - Engine 'crime' completed: 9132 records across 7 tables in 31.25s
2026-07-26 17:30:09.469 | INFO     | orchestrator:run_all:171 - ────────────────────────────────────────
2026-07-26 17:30:09.469 | INFO     | orchestrator:run_all:172 - Running engine: behaviour
2026-07-26 17:30:09.469 | INFO     | engines.base_engine:run:195 - Engine 'behaviour' starting...
2026-07-26 17:30:09.470 | INFO     | engines.behaviour_engine.engine:generate:85 - Generating Modus Operandi and Psychological Profiles...
2026-07-26 17:30:09.844 | INFO     | engines.behaviour_engine.engine:generate:148 - Generated 988 M.O. profiles.
2026-07-26 17:30:09.849 | INFO     | engines.base_engine:put:109 - DataStore: stored 'modus_operandi' with 988 records
2026-07-26 17:30:09.849 | INFO     | engines.base_engine:put:109 - DataStore: stored 'accused_records' with 1983 records
2026-07-26 17:30:09.849 | INFO     | engines.base_engine:run:222 - Engine 'behaviour' completed: 2971 records across 2 tables in 0.38s
2026-07-26 17:30:09.849 | INFO     | orchestrator:run_all:171 - ────────────────────────────────────────
2026-07-26 17:30:09.849 | INFO     | orchestrator:run_all:172 - Running engine: evidence
2026-07-26 17:30:09.849 | INFO     | engines.base_engine:run:195 - Engine 'evidence' starting...
2026-07-26 17:30:09.849 | INFO     | engines.evidence_engine.engine:generate:27 - Generating Evidence and Forensics...
2026-07-26 17:30:10.945 | INFO     | engines.evidence_engine.engine:generate:96 - Generated 594 evidence items and 29 FSL reports.
2026-07-26 17:30:10.949 | INFO     | engines.base_engine:put:109 - DataStore: stored 'evidence' with 594 records
2026-07-26 17:30:10.950 | INFO     | engines.base_engine:put:109 - DataStore: stored 'forensics' with 29 records
2026-07-26 17:30:10.950 | INFO     | engines.base_engine:run:222 - Engine 'evidence' completed: 623 records across 2 tables in 1.10s
2026-07-26 17:30:10.950 | INFO     | orchestrator:run_all:171 - ────────────────────────────────────────
2026-07-26 17:30:10.950 | INFO     | orchestrator:run_all:172 - Running engine: gang
2026-07-26 17:30:10.950 | INFO     | engines.base_engine:run:195 - Engine 'gang' starting...
2026-07-26 17:30:10.950 | INFO     | engines.gang_engine.engine:generate:37 - Generating Organized Crime Syndicates...
2026-07-26 17:30:10.990 | INFO     | engines.gang_engine.engine:generate:100 - Generated 11 organized crime gangs.
2026-07-26 17:30:10.991 | INFO     | engines.base_engine:put:109 - DataStore: stored 'gangs' with 11 records
2026-07-26 17:30:10.991 | INFO     | engines.base_engine:put:109 - DataStore: stored 'accused_records' with 1983 records
2026-07-26 17:30:10.991 | INFO     | engines.base_engine:run:222 - Engine 'gang' completed: 1994 records across 2 tables in 0.04s
2026-07-26 17:30:10.992 | INFO     | orchestrator:run_all:171 - ────────────────────────────────────────
2026-07-26 17:30:10.992 | INFO     | orchestrator:run_all:172 - Running engine: communication
2026-07-26 17:30:10.992 | INFO     | engines.base_engine:run:195 - Engine 'communication' starting...
2026-07-26 17:30:10.992 | ERROR    | engines.base_engine:run:229 - Engine 'communication' FAILED: Engine 'communication' requires table 'gang_memberships' from engine 'gang', but it is not available in the DataStore. Ensure engine 'gang' runs successfully before 'communication'.
2026-07-26 17:30:10.992 | ERROR    | orchestrator:run_all:178 - Engine 'communication' FAILED: Engine 'communication' requires table 'gang_memberships' from engine 'gang', but it is not available in the DataStore. Ensure engine 'gang' runs successfully before 'communication'.
2026-07-26 17:30:10.993 | INFO     | orchestrator:run_all:171 - ────────────────────────────────────────
2026-07-26 17:30:10.993 | INFO     | orchestrator:run_all:172 - Running engine: financial
2026-07-26 17:30:10.993 | INFO     | engines.base_engine:run:195 - Engine 'financial' starting...
2026-07-26 17:30:10.993 | ERROR    | engines.base_engine:run:229 - Engine 'financial' FAILED: Engine 'financial' requires table 'gang_memberships' from engine 'gang', but it is not available in the DataStore. Ensure engine 'gang' runs successfully before 'financial'.
2026-07-26 17:30:10.993 | ERROR    | orchestrator:run_all:178 - Engine 'financial' FAILED: Engine 'financial' requires table 'gang_memberships' from engine 'gang', but it is not available in the DataStore. Ensure engine 'gang' runs successfully before 'financial'.
2026-07-26 17:30:10.994 | INFO     | orchestrator:run_all:171 - ────────────────────────────────────────
2026-07-26 17:30:10.994 | INFO     | orchestrator:run_all:172 - Running engine: investigation
2026-07-26 17:30:10.994 | INFO     | engines.base_engine:run:195 - Engine 'investigation' starting...
2026-07-26 17:30:10.994 | INFO     | engines.investigation_engine.engine:generate:30 - Generating 13-step Investigation Lifecycles...
2026-07-26 17:30:11.516 | INFO     | engines.investigation_engine.engine:generate:174 - Generated 5043 investigation diaries, 151 chargesheets and 530 court proceedings.
2026-07-26 17:30:11.533 | INFO     | engines.base_engine:put:109 - DataStore: stored 'cases' with 1000 records
2026-07-26 17:30:11.533 | INFO     | engines.base_engine:put:109 - DataStore: stored 'crime_events' with 6043 records
2026-07-26 17:30:11.534 | INFO     | engines.base_engine:put:109 - DataStore: stored 'investigation_diaries' with 5043 records
2026-07-26 17:30:11.534 | INFO     | engines.base_engine:put:109 - DataStore: stored 'chargesheet_details' with 151 records
2026-07-26 17:30:11.534 | INFO     | engines.base_engine:put:109 - DataStore: stored 'court_proceedings' with 530 records
2026-07-26 17:30:11.534 | INFO     | engines.base_engine:run:222 - Engine 'investigation' completed: 12767 records across 5 tables in 0.54s
2026-07-26 17:30:11.534 | INFO     | orchestrator:run_all:171 - ────────────────────────────────────────
2026-07-26 17:30:11.534 | INFO     | orchestrator:run_all:172 - Running engine: narrative
2026-07-26 17:30:11.534 | INFO     | engines.base_engine:run:195 - Engine 'narrative' starting...
2026-07-26 17:30:11.534 | INFO     | engines.narrative_engine.engine:generate:27 - Generating Consistent Narratives (Complaints, FIR Texts, Statements)...
2026-07-26 17:30:11.691 | INFO     | engines.narrative_engine.engine:generate:94 - Generated 2496 narrative documents.
2026-07-26 17:30:11.698 | INFO     | engines.base_engine:put:109 - DataStore: stored 'narrative_documents' with 2496 records
2026-07-26 17:30:11.698 | INFO     | engines.base_engine:run:222 - Engine 'narrative' completed: 2496 records across 1 tables in 0.16s
2026-07-26 17:30:11.699 | WARNING  | orchestrator:run_all:165 - SKIPPED 'export': Skipped: dependency engine(s) failed: ['communication', 'financial']
2026-07-26 17:30:11.701 | INFO     | orchestrator:_save_report:264 - Generation report saved to: output\reports\generation_report.json
2026-07-26 17:30:11.701 | INFO     | orchestrator:_save_report:267 - 
2026-07-26 17:30:11.701 | INFO     | orchestrator:_save_report:268 - ============================================================
2026-07-26 17:30:11.701 | INFO     | orchestrator:_save_report:269 - GENERATION REPORT SUMMARY
2026-07-26 17:30:11.702 | INFO     | orchestrator:_save_report:270 - ============================================================
2026-07-26 17:30:11.702 | INFO     | orchestrator:_save_report:271 - Status: PARTIAL_FAILURE
2026-07-26 17:30:11.702 | INFO     | orchestrator:_save_report:272 - Duration: 537.84s
2026-07-26 17:30:11.702 | INFO     | orchestrator:_save_report:273 - Records: 503521
2026-07-26 17:30:11.702 | INFO     | orchestrator:_save_report:274 - Tables: 50
2026-07-26 17:30:11.702 | INFO     | orchestrator:_save_report:275 - Succeeded: 14
2026-07-26 17:30:11.703 | INFO     | orchestrator:_save_report:276 - Failed: 2
2026-07-26 17:30:11.703 | INFO     | orchestrator:_save_report:277 - Skipped: 1
2026-07-26 17:30:11.703 | INFO     | orchestrator:_save_report:278 - 
2026-07-26 17:30:11.703 | INFO     | orchestrator:_save_report:281 - DataStore Contents:
2026-07-26 17:30:11.703 | INFO     | orchestrator:_save_report:283 -   states: 1 records
2026-07-26 17:30:11.703 | INFO     | orchestrator:_save_report:283 -   districts: 31 records
2026-07-26 17:30:11.704 | INFO     | orchestrator:_save_report:283 -   taluks: 111 records
2026-07-26 17:30:11.704 | INFO     | orchestrator:_save_report:283 -   unit_types: 8 records
2026-07-26 17:30:11.704 | INFO     | orchestrator:_save_report:283 -   police_stations: 1376 records
2026-07-26 17:30:11.704 | INFO     | orchestrator:_save_report:283 -   courts: 238 records
2026-07-26 17:30:11.704 | INFO     | orchestrator:_save_report:283 -   ranks: 13 records
2026-07-26 17:30:11.704 | INFO     | orchestrator:_save_report:283 -   designations: 10 records
2026-07-26 17:30:11.704 | INFO     | orchestrator:_save_report:283 -   occupations: 30 records
2026-07-26 17:30:11.705 | INFO     | orchestrator:_save_report:283 -   religions: 7 records
2026-07-26 17:30:11.705 | INFO     | orchestrator:_save_report:283 -   castes: 20 records
2026-07-26 17:30:11.705 | INFO     | orchestrator:_save_report:283 -   case_categories: 4 records
2026-07-26 17:30:11.705 | INFO     | orchestrator:_save_report:283 -   case_statuses: 12 records
2026-07-26 17:30:11.705 | INFO     | orchestrator:_save_report:283 -   gravity_offences: 3 records
2026-07-26 17:30:11.705 | INFO     | orchestrator:_save_report:283 -   crime_heads: 30 records
2026-07-26 17:30:11.706 | INFO     | orchestrator:_save_report:283 -   crime_sub_heads: 46 records
2026-07-26 17:30:11.706 | INFO     | orchestrator:_save_report:283 -   acts: 17 records
2026-07-26 17:30:11.706 | INFO     | orchestrator:_save_report:283 -   sections: 33 records
2026-07-26 17:30:11.706 | INFO     | orchestrator:_save_report:283 -   employees: 3000 records
2026-07-26 17:30:11.706 | INFO     | orchestrator:_save_report:283 -   postings: 3000 records
2026-07-26 17:30:11.706 | INFO     | orchestrator:_save_report:283 -   persons: 50000 records
2026-07-26 17:30:11.706 | INFO     | orchestrator:_save_report:283 -   households: 12000 records
2026-07-26 17:30:11.707 | INFO     | orchestrator:_save_report:283 -   family_relationships: 44151 records
2026-07-26 17:30:11.707 | INFO     | orchestrator:_save_report:283 -   media_assets: 1672 records
2026-07-26 17:30:11.707 | INFO     | orchestrator:_save_report:283 -   media_metadata_all: 51672 records
2026-07-26 17:30:11.707 | INFO     | orchestrator:_save_report:283 -   time_context: 2557 records
2026-07-26 17:30:11.707 | INFO     | orchestrator:_save_report:283 -   hourly_crime_distribution: 24 records
2026-07-26 17:30:11.707 | INFO     | orchestrator:_save_report:283 -   festival_calendar: 3121 records
2026-07-26 17:30:11.707 | INFO     | orchestrator:_save_report:283 -   weather_records: 79267 records
2026-07-26 17:30:11.708 | INFO     | orchestrator:_save_report:283 -   active_scenarios: 34665 records
2026-07-26 17:30:11.708 | INFO     | orchestrator:_save_report:283 -   probability_modifiers: 186419 records
2026-07-26 17:30:11.708 | INFO     | orchestrator:_save_report:283 -   cases: 1000 records
2026-07-26 17:30:11.708 | INFO     | orchestrator:_save_report:283 -   case_acts: 1892 records
2026-07-26 17:30:11.708 | INFO     | orchestrator:_save_report:283 -   case_sections: 1282 records
2026-07-26 17:30:11.708 | INFO     | orchestrator:_save_report:283 -   crime_events: 6043 records
2026-07-26 17:30:11.709 | INFO     | orchestrator:_save_report:283 -   victims: 975 records
2026-07-26 17:30:11.709 | INFO     | orchestrator:_save_report:283 -   accused_records: 1983 records
2026-07-26 17:30:11.709 | INFO     | orchestrator:_save_report:283 -   complainants: 1000 records
2026-07-26 17:30:11.709 | INFO     | orchestrator:_save_report:283 -   modus_operandi: 988 records
2026-07-26 17:30:11.709 | INFO     | orchestrator:_save_report:283 -   evidence: 594 records
2026-07-26 17:30:11.709 | INFO     | orchestrator:_save_report:283 -   forensics: 29 records
2026-07-26 17:30:11.710 | INFO     | orchestrator:_save_report:283 -   gangs: 11 records
2026-07-26 17:30:11.710 | INFO     | orchestrator:_save_report:283 -   investigation_diaries: 5043 records
2026-07-26 17:30:11.710 | INFO     | orchestrator:_save_report:283 -   chargesheet_details: 151 records
2026-07-26 17:30:11.710 | INFO     | orchestrator:_save_report:283 -   court_proceedings: 530 records
2026-07-26 17:30:11.711 | INFO     | orchestrator:_save_report:283 -   narrative_documents: 2496 records
2026-07-26 17:30:11.711 | INFO     | orchestrator:_save_report:283 -   knowledge_graph_edges: 11637 records
2026-07-26 17:30:11.711 | INFO     | orchestrator:_save_report:284 - ============================================================
2026-07-26 17:31:11.197 | INFO     | __main__:generate_all:65 - Starting full pipeline execution...
2026-07-26 17:31:12.387 | INFO     | orchestrator:__init__:52 - Orchestrator initialized with 17 engines
2026-07-26 17:31:12.387 | INFO     | orchestrator:__init__:53 - Execution order: master → police → population → media → time → festival → weather → scenario → crime → behaviour → evidence → gang → communication → financial → investigation → narrative → export
2026-07-26 17:31:12.387 | INFO     | orchestrator:run_all:146 - ============================================================
2026-07-26 17:31:12.387 | INFO     | orchestrator:run_all:147 - CRIME SIMULATION LABORATORY — FULL PIPELINE EXECUTION
2026-07-26 17:31:12.387 | INFO     | orchestrator:run_all:148 - ============================================================
2026-07-26 17:31:12.387 | INFO     | orchestrator:run_all:149 - Seed: 42
2026-07-26 17:31:12.387 | INFO     | orchestrator:run_all:150 - Scale: 1000 cases, 50000 population
2026-07-26 17:31:12.387 | INFO     | orchestrator:run_all:151 - Years: 2020 - 2026
2026-07-26 17:31:12.388 | INFO     | orchestrator:run_all:152 - 
2026-07-26 17:31:12.388 | INFO     | orchestrator:run_all:171 - ────────────────────────────────────────
2026-07-26 17:31:12.388 | INFO     | orchestrator:run_all:172 - Running engine: master
2026-07-26 17:31:12.388 | INFO     | engines.base_engine:run:195 - Engine 'master' starting...
2026-07-26 17:31:12.388 | INFO     | engines.master_engine.engine:generate:43 - Generating master lookup tables...
2026-07-26 17:31:12.560 | INFO     | engines.master_engine.engine:_generate_police_stations:265 - Generated 1376 police stations
2026-07-26 17:31:12.588 | INFO     | engines.master_engine.engine:_generate_courts:341 - Generated 238 courts
2026-07-26 17:31:12.683 | INFO     | engines.master_engine.engine:generate:103 - Master generation complete: 18 tables, 1990 total records
2026-07-26 17:31:12.683 | INFO     | engines.base_engine:put:109 - DataStore: stored 'states' with 1 records
2026-07-26 17:31:12.683 | INFO     | engines.base_engine:put:109 - DataStore: stored 'districts' with 31 records
2026-07-26 17:31:12.683 | INFO     | engines.base_engine:put:109 - DataStore: stored 'taluks' with 111 records
2026-07-26 17:31:12.683 | INFO     | engines.base_engine:put:109 - DataStore: stored 'unit_types' with 8 records
2026-07-26 17:31:12.683 | INFO     | engines.base_engine:put:109 - DataStore: stored 'police_stations' with 1376 records
2026-07-26 17:31:12.683 | INFO     | engines.base_engine:put:109 - DataStore: stored 'courts' with 238 records
2026-07-26 17:31:12.683 | INFO     | engines.base_engine:put:109 - DataStore: stored 'ranks' with 13 records
2026-07-26 17:31:12.683 | INFO     | engines.base_engine:put:109 - DataStore: stored 'designations' with 10 records
2026-07-26 17:31:12.684 | INFO     | engines.base_engine:put:109 - DataStore: stored 'occupations' with 30 records
2026-07-26 17:31:12.684 | INFO     | engines.base_engine:put:109 - DataStore: stored 'religions' with 7 records
2026-07-26 17:31:12.684 | INFO     | engines.base_engine:put:109 - DataStore: stored 'castes' with 20 records
2026-07-26 17:31:12.684 | INFO     | engines.base_engine:put:109 - DataStore: stored 'case_categories' with 4 records
2026-07-26 17:31:12.684 | INFO     | engines.base_engine:put:109 - DataStore: stored 'case_statuses' with 12 records
2026-07-26 17:31:12.684 | INFO     | engines.base_engine:put:109 - DataStore: stored 'gravity_offences' with 3 records
2026-07-26 17:31:12.684 | INFO     | engines.base_engine:put:109 - DataStore: stored 'crime_heads' with 30 records
2026-07-26 17:31:12.685 | INFO     | engines.base_engine:put:109 - DataStore: stored 'crime_sub_heads' with 46 records
2026-07-26 17:31:12.685 | INFO     | engines.base_engine:put:109 - DataStore: stored 'acts' with 17 records
2026-07-26 17:31:12.685 | INFO     | engines.base_engine:put:109 - DataStore: stored 'sections' with 33 records
2026-07-26 17:31:12.685 | INFO     | engines.base_engine:run:222 - Engine 'master' completed: 1990 records across 18 tables in 0.30s
2026-07-26 17:31:12.685 | INFO     | orchestrator:run_all:171 - ────────────────────────────────────────
2026-07-26 17:31:12.685 | INFO     | orchestrator:run_all:172 - Running engine: police
2026-07-26 17:31:12.685 | INFO     | engines.base_engine:run:195 - Engine 'police' starting...
2026-07-26 17:31:12.686 | INFO     | engines.police_engine:generate:27 - Generating police personnel...
2026-07-26 17:31:13.614 | INFO     | engines.police_engine:generate:163 - Generated 3000 employees with 3000 postings
2026-07-26 17:31:13.616 | INFO     | engines.base_engine:put:109 - DataStore: stored 'employees' with 3000 records
2026-07-26 17:31:13.617 | INFO     | engines.base_engine:put:109 - DataStore: stored 'postings' with 3000 records
2026-07-26 17:31:13.617 | INFO     | engines.base_engine:run:222 - Engine 'police' completed: 6000 records across 2 tables in 0.93s
2026-07-26 17:31:13.617 | INFO     | orchestrator:run_all:171 - ────────────────────────────────────────
2026-07-26 17:31:13.617 | INFO     | orchestrator:run_all:172 - Running engine: population
2026-07-26 17:31:13.617 | INFO     | engines.base_engine:run:195 - Engine 'population' starting...
2026-07-26 17:31:13.617 | INFO     | engines.population_engine.engine:generate:40 - Generating synthetic population...
2026-07-26 17:31:43.899 | INFO     | engines.population_engine.engine:generate:77 - Generated 50000 persons in 12000 households with 44151 family relationships
2026-07-26 17:31:43.900 | INFO     | engines.base_engine:put:109 - DataStore: stored 'persons' with 50000 records
2026-07-26 17:31:43.900 | INFO     | engines.base_engine:put:109 - DataStore: stored 'households' with 12000 records
2026-07-26 17:31:43.900 | INFO     | engines.base_engine:put:109 - DataStore: stored 'family_relationships' with 44151 records
2026-07-26 17:31:43.900 | INFO     | engines.base_engine:run:222 - Engine 'population' completed: 106151 records across 3 tables in 30.28s
2026-07-26 17:31:43.900 | INFO     | orchestrator:run_all:171 - ────────────────────────────────────────
2026-07-26 17:31:43.900 | INFO     | orchestrator:run_all:172 - Running engine: media
2026-07-26 17:31:43.900 | INFO     | engines.base_engine:run:195 - Engine 'media' starting...
2026-07-26 17:31:43.900 | INFO     | engines.media_engine:generate:105 - Starting Media Asset Generation Engine...
2026-07-26 17:31:43.903 | INFO     | engines.media_engine:generate:143 - Generating 1500 person profile images...
2026-07-26 17:31:55.247 | INFO     | engines.media_engine:generate:151 - Generating 90 officer profile images...
2026-07-26 17:31:55.831 | INFO     | engines.media_engine:generate:160 - Generating 20 vehicle images...
2026-07-26 17:31:56.001 | INFO     | engines.media_engine:generate:166 - Generating evidence type images...
2026-07-26 17:31:56.161 | INFO     | engines.media_engine:generate:172 - Generating crime scene images...
2026-07-26 17:31:56.468 | INFO     | engines.media_engine:generate:178 - Generating CCTV frame images...
2026-07-26 17:31:56.813 | INFO     | engines.media_engine:generate:184 - Generating synthetic fingerprint images...
2026-07-26 17:31:56.951 | INFO     | engines.media_engine:generate:190 - Generating synthetic signature images...
2026-07-26 17:31:56.988 | INFO     | engines.media_engine:generate:196 - Generating district crime heatmaps...
2026-07-26 17:31:57.630 | INFO     | engines.media_engine:generate:204 - Generating PDF documents...
2026-07-26 17:32:01.020 | INFO     | engines.media_engine:generate:218 - Media engine complete: 1672 actual media files generated, 50000 metadata-only records
2026-07-26 17:32:01.023 | INFO     | engines.base_engine:put:109 - DataStore: stored 'media_assets' with 1672 records
2026-07-26 17:32:01.023 | INFO     | engines.base_engine:put:109 - DataStore: stored 'media_metadata_all' with 51672 records
2026-07-26 17:32:01.023 | INFO     | engines.base_engine:run:222 - Engine 'media' completed: 53344 records across 2 tables in 17.12s
2026-07-26 17:32:01.023 | INFO     | orchestrator:run_all:171 - ────────────────────────────────────────
2026-07-26 17:32:01.024 | INFO     | orchestrator:run_all:172 - Running engine: time
2026-07-26 17:32:01.024 | INFO     | engines.base_engine:run:195 - Engine 'time' starting...
2026-07-26 17:32:01.024 | INFO     | engines.time_engine:generate:28 - Generating temporal context data...
2026-07-26 17:32:01.046 | INFO     | engines.time_engine:generate:110 - Generated 2557 daily time context records (2020-2026)
2026-07-26 17:32:01.048 | INFO     | engines.base_engine:put:109 - DataStore: stored 'time_context' with 2557 records
2026-07-26 17:32:01.048 | INFO     | engines.base_engine:put:109 - DataStore: stored 'hourly_crime_distribution' with 24 records
2026-07-26 17:32:01.048 | INFO     | engines.base_engine:run:222 - Engine 'time' completed: 2581 records across 2 tables in 0.02s
2026-07-26 17:32:01.048 | INFO     | orchestrator:run_all:171 - ────────────────────────────────────────
2026-07-26 17:32:01.048 | INFO     | orchestrator:run_all:172 - Running engine: festival
2026-07-26 17:32:01.049 | INFO     | engines.base_engine:run:195 - Engine 'festival' starting...
2026-07-26 17:32:01.049 | INFO     | engines.festival_engine:generate:83 - Generating festival and event calendar...
2026-07-26 17:32:03.643 | INFO     | engines.festival_engine:generate:143 - Generated 3121 festival/event entries
2026-07-26 17:32:03.644 | INFO     | engines.base_engine:put:109 - DataStore: stored 'festival_calendar' with 3121 records
2026-07-26 17:32:03.644 | INFO     | engines.base_engine:run:222 - Engine 'festival' completed: 3121 records across 1 tables in 2.60s
2026-07-26 17:32:03.644 | INFO     | orchestrator:run_all:171 - ────────────────────────────────────────
2026-07-26 17:32:03.645 | INFO     | orchestrator:run_all:172 - Running engine: weather
2026-07-26 17:32:03.645 | INFO     | engines.base_engine:run:195 - Engine 'weather' starting...
2026-07-26 17:32:03.645 | INFO     | engines.weather_engine:generate:51 - Generating weather data...
2026-07-26 17:32:06.675 | INFO     | engines.weather_engine:generate:147 - Generated 79267 weather records across 31 districts
2026-07-26 17:32:06.693 | INFO     | engines.base_engine:put:109 - DataStore: stored 'weather_records' with 79267 records
2026-07-26 17:32:06.693 | INFO     | engines.base_engine:run:222 - Engine 'weather' completed: 79267 records across 1 tables in 3.05s
2026-07-26 17:32:06.693 | INFO     | orchestrator:run_all:171 - ────────────────────────────────────────
2026-07-26 17:32:06.693 | INFO     | orchestrator:run_all:172 - Running engine: scenario
2026-07-26 17:32:06.693 | INFO     | engines.base_engine:run:195 - Engine 'scenario' starting...
2026-07-26 17:32:06.694 | INFO     | engines.scenario_engine:generate:158 - Running scenario simulation engine...
2026-07-26 17:39:39.129 | INFO     | engines.scenario_engine:generate:287 - Scenario engine: 34665 active scenarios, 186419 probability modifiers generated
2026-07-26 17:39:39.166 | INFO     | engines.base_engine:put:109 - DataStore: stored 'active_scenarios' with 34665 records
2026-07-26 17:39:39.166 | INFO     | engines.base_engine:put:109 - DataStore: stored 'probability_modifiers' with 186419 records
2026-07-26 17:39:39.166 | INFO     | engines.base_engine:run:222 - Engine 'scenario' completed: 221084 records across 2 tables in 452.47s
2026-07-26 17:39:39.167 | INFO     | orchestrator:run_all:171 - ────────────────────────────────────────
2026-07-26 17:39:39.167 | INFO     | orchestrator:run_all:172 - Running engine: crime
2026-07-26 17:39:39.167 | INFO     | engines.base_engine:run:195 - Engine 'crime' starting...
2026-07-26 17:39:39.167 | INFO     | engines.crime_engine.engine:generate:32 - Generating event-based crimes...
2026-07-26 17:39:39.211 | INFO     | engines.crime_engine.engine:generate:73 - Distributing 1000 cases over 2557 days...
2026-07-26 17:40:09.317 | INFO     | engines.crime_engine.engine:generate:306 - Generated 1000 cases, 1983 accused, 975 victims.
2026-07-26 17:40:09.346 | INFO     | engines.base_engine:put:109 - DataStore: stored 'cases' with 1000 records
2026-07-26 17:40:09.346 | INFO     | engines.base_engine:put:109 - DataStore: stored 'case_acts' with 1892 records
2026-07-26 17:40:09.346 | INFO     | engines.base_engine:put:109 - DataStore: stored 'case_sections' with 1282 records
2026-07-26 17:40:09.346 | INFO     | engines.base_engine:put:109 - DataStore: stored 'crime_events' with 1000 records
2026-07-26 17:40:09.346 | INFO     | engines.base_engine:put:109 - DataStore: stored 'victims' with 975 records
2026-07-26 17:40:09.347 | INFO     | engines.base_engine:put:109 - DataStore: stored 'accused_records' with 1983 records
2026-07-26 17:40:09.347 | INFO     | engines.base_engine:put:109 - DataStore: stored 'complainants' with 1000 records
2026-07-26 17:40:09.347 | INFO     | engines.base_engine:run:222 - Engine 'crime' completed: 9132 records across 7 tables in 30.18s
2026-07-26 17:40:09.347 | INFO     | orchestrator:run_all:171 - ────────────────────────────────────────
2026-07-26 17:40:09.347 | INFO     | orchestrator:run_all:172 - Running engine: behaviour
2026-07-26 17:40:09.347 | INFO     | engines.base_engine:run:195 - Engine 'behaviour' starting...
2026-07-26 17:40:09.347 | INFO     | engines.behaviour_engine.engine:generate:85 - Generating Modus Operandi and Psychological Profiles...
2026-07-26 17:40:09.744 | INFO     | engines.behaviour_engine.engine:generate:148 - Generated 988 M.O. profiles.
2026-07-26 17:40:09.748 | INFO     | engines.base_engine:put:109 - DataStore: stored 'modus_operandi' with 988 records
2026-07-26 17:40:09.749 | INFO     | engines.base_engine:put:109 - DataStore: stored 'accused_records' with 1983 records
2026-07-26 17:40:09.749 | INFO     | engines.base_engine:run:222 - Engine 'behaviour' completed: 2971 records across 2 tables in 0.40s
2026-07-26 17:40:09.749 | INFO     | orchestrator:run_all:171 - ────────────────────────────────────────
2026-07-26 17:40:09.749 | INFO     | orchestrator:run_all:172 - Running engine: evidence
2026-07-26 17:40:09.749 | INFO     | engines.base_engine:run:195 - Engine 'evidence' starting...
2026-07-26 17:40:09.749 | INFO     | engines.evidence_engine.engine:generate:27 - Generating Evidence and Forensics...
2026-07-26 17:40:10.772 | INFO     | engines.evidence_engine.engine:generate:96 - Generated 594 evidence items and 29 FSL reports.
2026-07-26 17:40:10.777 | INFO     | engines.base_engine:put:109 - DataStore: stored 'evidence' with 594 records
2026-07-26 17:40:10.777 | INFO     | engines.base_engine:put:109 - DataStore: stored 'forensics' with 29 records
2026-07-26 17:40:10.777 | INFO     | engines.base_engine:run:222 - Engine 'evidence' completed: 623 records across 2 tables in 1.03s
2026-07-26 17:40:10.777 | INFO     | orchestrator:run_all:171 - ────────────────────────────────────────
2026-07-26 17:40:10.778 | INFO     | orchestrator:run_all:172 - Running engine: gang
2026-07-26 17:40:10.778 | INFO     | engines.base_engine:run:195 - Engine 'gang' starting...
2026-07-26 17:40:10.778 | INFO     | engines.gang_engine.engine:generate:37 - Generating Organized Crime Syndicates...
2026-07-26 17:40:10.812 | INFO     | engines.gang_engine.engine:generate:100 - Generated 11 organized crime gangs.
2026-07-26 17:40:10.813 | INFO     | engines.base_engine:put:109 - DataStore: stored 'gangs' with 11 records
2026-07-26 17:40:10.814 | INFO     | engines.base_engine:put:109 - DataStore: stored 'accused_records' with 1983 records
2026-07-26 17:40:10.814 | INFO     | engines.base_engine:run:222 - Engine 'gang' completed: 1994 records across 2 tables in 0.04s
2026-07-26 17:40:10.814 | INFO     | orchestrator:run_all:171 - ────────────────────────────────────────
2026-07-26 17:40:10.814 | INFO     | orchestrator:run_all:172 - Running engine: communication
2026-07-26 17:40:10.814 | INFO     | engines.base_engine:run:195 - Engine 'communication' starting...
2026-07-26 17:40:10.814 | INFO     | engines.communication_engine.engine:generate:27 - Generating Communication Networks (CDRs)...
2026-07-26 17:40:10.867 | ERROR    | engines.base_engine:run:229 - Engine 'communication' FAILED: name 'person_devices' is not defined
2026-07-26 17:40:10.867 | ERROR    | orchestrator:run_all:178 - Engine 'communication' FAILED: name 'person_devices' is not defined
2026-07-26 17:40:10.868 | INFO     | orchestrator:run_all:171 - ────────────────────────────────────────
2026-07-26 17:40:10.868 | INFO     | orchestrator:run_all:172 - Running engine: financial
2026-07-26 17:40:10.868 | INFO     | engines.base_engine:run:195 - Engine 'financial' starting...
2026-07-26 17:40:10.868 | INFO     | engines.financial_engine.engine:generate:27 - Generating Bank Accounts and Financial Transactions...
2026-07-26 17:40:10.871 | ERROR    | engines.base_engine:run:229 - Engine 'financial' FAILED: 'DataStore' object has no attribute 'data'
2026-07-26 17:40:10.871 | ERROR    | orchestrator:run_all:178 - Engine 'financial' FAILED: 'DataStore' object has no attribute 'data'
2026-07-26 17:40:10.871 | INFO     | orchestrator:run_all:171 - ────────────────────────────────────────
2026-07-26 17:40:10.872 | INFO     | orchestrator:run_all:172 - Running engine: investigation
2026-07-26 17:40:10.872 | INFO     | engines.base_engine:run:195 - Engine 'investigation' starting...
2026-07-26 17:40:10.872 | INFO     | engines.investigation_engine.engine:generate:30 - Generating 13-step Investigation Lifecycles...
2026-07-26 17:40:11.522 | INFO     | engines.investigation_engine.engine:generate:174 - Generated 5160 investigation diaries, 173 chargesheets and 610 court proceedings.
2026-07-26 17:40:11.541 | INFO     | engines.base_engine:put:109 - DataStore: stored 'cases' with 1000 records
2026-07-26 17:40:11.541 | INFO     | engines.base_engine:put:109 - DataStore: stored 'crime_events' with 6160 records
2026-07-26 17:40:11.541 | INFO     | engines.base_engine:put:109 - DataStore: stored 'investigation_diaries' with 5160 records
2026-07-26 17:40:11.541 | INFO     | engines.base_engine:put:109 - DataStore: stored 'chargesheet_details' with 173 records
2026-07-26 17:40:11.541 | INFO     | engines.base_engine:put:109 - DataStore: stored 'court_proceedings' with 610 records
2026-07-26 17:40:11.541 | INFO     | engines.base_engine:run:222 - Engine 'investigation' completed: 13103 records across 5 tables in 0.67s
2026-07-26 17:40:11.542 | INFO     | orchestrator:run_all:171 - ────────────────────────────────────────
2026-07-26 17:40:11.542 | INFO     | orchestrator:run_all:172 - Running engine: narrative
2026-07-26 17:40:11.542 | INFO     | engines.base_engine:run:195 - Engine 'narrative' starting...
2026-07-26 17:40:11.542 | INFO     | engines.narrative_engine.engine:generate:27 - Generating Consistent Narratives (Complaints, FIR Texts, Statements)...
2026-07-26 17:40:11.714 | INFO     | engines.narrative_engine.engine:generate:94 - Generated 2496 narrative documents.
2026-07-26 17:40:11.722 | INFO     | engines.base_engine:put:109 - DataStore: stored 'narrative_documents' with 2496 records
2026-07-26 17:40:11.722 | INFO     | engines.base_engine:run:222 - Engine 'narrative' completed: 2496 records across 1 tables in 0.18s
2026-07-26 17:40:11.722 | WARNING  | orchestrator:run_all:165 - SKIPPED 'export': Skipped: dependency engine(s) failed: ['communication', 'financial']
2026-07-26 17:40:11.725 | INFO     | orchestrator:_save_report:264 - Generation report saved to: output\reports\generation_report.json
2026-07-26 17:40:11.725 | INFO     | orchestrator:_save_report:267 - 
2026-07-26 17:40:11.725 | INFO     | orchestrator:_save_report:268 - ============================================================
2026-07-26 17:40:11.726 | INFO     | orchestrator:_save_report:269 - GENERATION REPORT SUMMARY
2026-07-26 17:40:11.726 | INFO     | orchestrator:_save_report:270 - ============================================================
2026-07-26 17:40:11.726 | INFO     | orchestrator:_save_report:271 - Status: PARTIAL_FAILURE
2026-07-26 17:40:11.726 | INFO     | orchestrator:_save_report:272 - Duration: 539.34s
2026-07-26 17:40:11.726 | INFO     | orchestrator:_save_report:273 - Records: 503857
2026-07-26 17:40:11.727 | INFO     | orchestrator:_save_report:274 - Tables: 50
2026-07-26 17:40:11.727 | INFO     | orchestrator:_save_report:275 - Succeeded: 14
2026-07-26 17:40:11.727 | INFO     | orchestrator:_save_report:276 - Failed: 2
2026-07-26 17:40:11.727 | INFO     | orchestrator:_save_report:277 - Skipped: 1
2026-07-26 17:40:11.727 | INFO     | orchestrator:_save_report:278 - 
2026-07-26 17:40:11.727 | INFO     | orchestrator:_save_report:281 - DataStore Contents:
2026-07-26 17:40:11.728 | INFO     | orchestrator:_save_report:283 -   states: 1 records
2026-07-26 17:40:11.728 | INFO     | orchestrator:_save_report:283 -   districts: 31 records
2026-07-26 17:40:11.728 | INFO     | orchestrator:_save_report:283 -   taluks: 111 records
2026-07-26 17:40:11.728 | INFO     | orchestrator:_save_report:283 -   unit_types: 8 records
2026-07-26 17:40:11.728 | INFO     | orchestrator:_save_report:283 -   police_stations: 1376 records
2026-07-26 17:40:11.729 | INFO     | orchestrator:_save_report:283 -   courts: 238 records
2026-07-26 17:40:11.729 | INFO     | orchestrator:_save_report:283 -   ranks: 13 records
2026-07-26 17:40:11.729 | INFO     | orchestrator:_save_report:283 -   designations: 10 records
2026-07-26 17:40:11.729 | INFO     | orchestrator:_save_report:283 -   occupations: 30 records
2026-07-26 17:40:11.729 | INFO     | orchestrator:_save_report:283 -   religions: 7 records
2026-07-26 17:40:11.729 | INFO     | orchestrator:_save_report:283 -   castes: 20 records
2026-07-26 17:40:11.730 | INFO     | orchestrator:_save_report:283 -   case_categories: 4 records
2026-07-26 17:40:11.730 | INFO     | orchestrator:_save_report:283 -   case_statuses: 12 records
2026-07-26 17:40:11.730 | INFO     | orchestrator:_save_report:283 -   gravity_offences: 3 records
2026-07-26 17:40:11.730 | INFO     | orchestrator:_save_report:283 -   crime_heads: 30 records
2026-07-26 17:40:11.730 | INFO     | orchestrator:_save_report:283 -   crime_sub_heads: 46 records
2026-07-26 17:40:11.731 | INFO     | orchestrator:_save_report:283 -   acts: 17 records
2026-07-26 17:40:11.731 | INFO     | orchestrator:_save_report:283 -   sections: 33 records
2026-07-26 17:40:11.731 | INFO     | orchestrator:_save_report:283 -   employees: 3000 records
2026-07-26 17:40:11.731 | INFO     | orchestrator:_save_report:283 -   postings: 3000 records
2026-07-26 17:40:11.731 | INFO     | orchestrator:_save_report:283 -   persons: 50000 records
2026-07-26 17:40:11.731 | INFO     | orchestrator:_save_report:283 -   households: 12000 records
2026-07-26 17:40:11.732 | INFO     | orchestrator:_save_report:283 -   family_relationships: 44151 records
2026-07-26 17:40:11.732 | INFO     | orchestrator:_save_report:283 -   media_assets: 1672 records
2026-07-26 17:40:11.732 | INFO     | orchestrator:_save_report:283 -   media_metadata_all: 51672 records
2026-07-26 17:40:11.732 | INFO     | orchestrator:_save_report:283 -   time_context: 2557 records
2026-07-26 17:40:11.732 | INFO     | orchestrator:_save_report:283 -   hourly_crime_distribution: 24 records
2026-07-26 17:40:11.733 | INFO     | orchestrator:_save_report:283 -   festival_calendar: 3121 records
2026-07-26 17:40:11.733 | INFO     | orchestrator:_save_report:283 -   weather_records: 79267 records
2026-07-26 17:40:11.733 | INFO     | orchestrator:_save_report:283 -   active_scenarios: 34665 records
2026-07-26 17:40:11.733 | INFO     | orchestrator:_save_report:283 -   probability_modifiers: 186419 records
2026-07-26 17:40:11.733 | INFO     | orchestrator:_save_report:283 -   cases: 1000 records
2026-07-26 17:40:11.734 | INFO     | orchestrator:_save_report:283 -   case_acts: 1892 records
2026-07-26 17:40:11.734 | INFO     | orchestrator:_save_report:283 -   case_sections: 1282 records
2026-07-26 17:40:11.734 | INFO     | orchestrator:_save_report:283 -   crime_events: 6160 records
2026-07-26 17:40:11.734 | INFO     | orchestrator:_save_report:283 -   victims: 975 records
2026-07-26 17:40:11.734 | INFO     | orchestrator:_save_report:283 -   accused_records: 1983 records
2026-07-26 17:40:11.735 | INFO     | orchestrator:_save_report:283 -   complainants: 1000 records
2026-07-26 17:40:11.735 | INFO     | orchestrator:_save_report:283 -   modus_operandi: 988 records
2026-07-26 17:40:11.735 | INFO     | orchestrator:_save_report:283 -   evidence: 594 records
2026-07-26 17:40:11.735 | INFO     | orchestrator:_save_report:283 -   forensics: 29 records
2026-07-26 17:40:11.735 | INFO     | orchestrator:_save_report:283 -   gangs: 11 records
2026-07-26 17:40:11.735 | INFO     | orchestrator:_save_report:283 -   investigation_diaries: 5160 records
2026-07-26 17:40:11.736 | INFO     | orchestrator:_save_report:283 -   chargesheet_details: 173 records
2026-07-26 17:40:11.736 | INFO     | orchestrator:_save_report:283 -   court_proceedings: 610 records
2026-07-26 17:40:11.736 | INFO     | orchestrator:_save_report:283 -   narrative_documents: 2496 records
2026-07-26 17:40:11.736 | INFO     | orchestrator:_save_report:283 -   knowledge_graph_edges: 11754 records
2026-07-26 17:40:11.736 | INFO     | orchestrator:_save_report:284 - ============================================================
2026-07-26 17:41:23.927 | INFO     | __main__:generate_all:65 - Starting full pipeline execution...
2026-07-26 17:41:25.115 | INFO     | orchestrator:__init__:52 - Orchestrator initialized with 17 engines
2026-07-26 17:41:25.115 | INFO     | orchestrator:__init__:53 - Execution order: master → police → population → media → time → festival → weather → scenario → crime → behaviour → evidence → gang → communication → financial → investigation → narrative → export
2026-07-26 17:41:25.115 | INFO     | orchestrator:run_all:146 - ============================================================
2026-07-26 17:41:25.116 | INFO     | orchestrator:run_all:147 - CRIME SIMULATION LABORATORY — FULL PIPELINE EXECUTION
2026-07-26 17:41:25.116 | INFO     | orchestrator:run_all:148 - ============================================================
2026-07-26 17:41:25.116 | INFO     | orchestrator:run_all:149 - Seed: 42
2026-07-26 17:41:25.116 | INFO     | orchestrator:run_all:150 - Scale: 1000 cases, 50000 population
2026-07-26 17:41:25.117 | INFO     | orchestrator:run_all:151 - Years: 2020 - 2026
2026-07-26 17:41:25.117 | INFO     | orchestrator:run_all:152 - 
2026-07-26 17:41:25.117 | INFO     | orchestrator:run_all:171 - ────────────────────────────────────────
2026-07-26 17:41:25.117 | INFO     | orchestrator:run_all:172 - Running engine: master
2026-07-26 17:41:25.117 | INFO     | engines.base_engine:run:195 - Engine 'master' starting...
2026-07-26 17:41:25.118 | INFO     | engines.master_engine.engine:generate:43 - Generating master lookup tables...
2026-07-26 17:41:25.290 | INFO     | engines.master_engine.engine:_generate_police_stations:265 - Generated 1376 police stations
2026-07-26 17:41:25.318 | INFO     | engines.master_engine.engine:_generate_courts:341 - Generated 238 courts
2026-07-26 17:41:25.408 | INFO     | engines.master_engine.engine:generate:103 - Master generation complete: 18 tables, 1990 total records
2026-07-26 17:41:25.408 | INFO     | engines.base_engine:put:109 - DataStore: stored 'states' with 1 records
2026-07-26 17:41:25.408 | INFO     | engines.base_engine:put:109 - DataStore: stored 'districts' with 31 records
2026-07-26 17:41:25.408 | INFO     | engines.base_engine:put:109 - DataStore: stored 'taluks' with 111 records
2026-07-26 17:41:25.408 | INFO     | engines.base_engine:put:109 - DataStore: stored 'unit_types' with 8 records
2026-07-26 17:41:25.408 | INFO     | engines.base_engine:put:109 - DataStore: stored 'police_stations' with 1376 records
2026-07-26 17:41:25.408 | INFO     | engines.base_engine:put:109 - DataStore: stored 'courts' with 238 records
2026-07-26 17:41:25.408 | INFO     | engines.base_engine:put:109 - DataStore: stored 'ranks' with 13 records
2026-07-26 17:41:25.409 | INFO     | engines.base_engine:put:109 - DataStore: stored 'designations' with 10 records
2026-07-26 17:41:25.409 | INFO     | engines.base_engine:put:109 - DataStore: stored 'occupations' with 30 records
2026-07-26 17:41:25.409 | INFO     | engines.base_engine:put:109 - DataStore: stored 'religions' with 7 records
2026-07-26 17:41:25.409 | INFO     | engines.base_engine:put:109 - DataStore: stored 'castes' with 20 records
2026-07-26 17:41:25.409 | INFO     | engines.base_engine:put:109 - DataStore: stored 'case_categories' with 4 records
2026-07-26 17:41:25.409 | INFO     | engines.base_engine:put:109 - DataStore: stored 'case_statuses' with 12 records
2026-07-26 17:41:25.409 | INFO     | engines.base_engine:put:109 - DataStore: stored 'gravity_offences' with 3 records
2026-07-26 17:41:25.409 | INFO     | engines.base_engine:put:109 - DataStore: stored 'crime_heads' with 30 records
2026-07-26 17:41:25.409 | INFO     | engines.base_engine:put:109 - DataStore: stored 'crime_sub_heads' with 46 records
2026-07-26 17:41:25.410 | INFO     | engines.base_engine:put:109 - DataStore: stored 'acts' with 17 records
2026-07-26 17:41:25.410 | INFO     | engines.base_engine:put:109 - DataStore: stored 'sections' with 33 records
2026-07-26 17:41:25.410 | INFO     | engines.base_engine:run:222 - Engine 'master' completed: 1990 records across 18 tables in 0.29s
2026-07-26 17:41:25.410 | INFO     | orchestrator:run_all:171 - ────────────────────────────────────────
2026-07-26 17:41:25.410 | INFO     | orchestrator:run_all:172 - Running engine: police
2026-07-26 17:41:25.410 | INFO     | engines.base_engine:run:195 - Engine 'police' starting...
2026-07-26 17:41:25.410 | INFO     | engines.police_engine:generate:27 - Generating police personnel...
2026-07-26 17:41:26.356 | INFO     | engines.police_engine:generate:163 - Generated 3000 employees with 3000 postings
2026-07-26 17:41:26.359 | INFO     | engines.base_engine:put:109 - DataStore: stored 'employees' with 3000 records
2026-07-26 17:41:26.359 | INFO     | engines.base_engine:put:109 - DataStore: stored 'postings' with 3000 records
2026-07-26 17:41:26.359 | INFO     | engines.base_engine:run:222 - Engine 'police' completed: 6000 records across 2 tables in 0.95s
2026-07-26 17:41:26.360 | INFO     | orchestrator:run_all:171 - ────────────────────────────────────────
2026-07-26 17:41:26.360 | INFO     | orchestrator:run_all:172 - Running engine: population
2026-07-26 17:41:26.360 | INFO     | engines.base_engine:run:195 - Engine 'population' starting...
2026-07-26 17:41:26.360 | INFO     | engines.population_engine.engine:generate:40 - Generating synthetic population...
2026-07-26 17:41:56.629 | INFO     | engines.population_engine.engine:generate:77 - Generated 50000 persons in 12000 households with 44151 family relationships
2026-07-26 17:41:56.629 | INFO     | engines.base_engine:put:109 - DataStore: stored 'persons' with 50000 records
2026-07-26 17:41:56.629 | INFO     | engines.base_engine:put:109 - DataStore: stored 'households' with 12000 records
2026-07-26 17:41:56.630 | INFO     | engines.base_engine:put:109 - DataStore: stored 'family_relationships' with 44151 records
2026-07-26 17:41:56.630 | INFO     | engines.base_engine:run:222 - Engine 'population' completed: 106151 records across 3 tables in 30.27s
2026-07-26 17:41:56.630 | INFO     | orchestrator:run_all:171 - ────────────────────────────────────────
2026-07-26 17:41:56.630 | INFO     | orchestrator:run_all:172 - Running engine: media
2026-07-26 17:41:56.630 | INFO     | engines.base_engine:run:195 - Engine 'media' starting...
2026-07-26 17:41:56.630 | INFO     | engines.media_engine:generate:105 - Starting Media Asset Generation Engine...
2026-07-26 17:41:56.633 | INFO     | engines.media_engine:generate:143 - Generating 1500 person profile images...
2026-07-26 17:42:07.725 | INFO     | engines.media_engine:generate:151 - Generating 90 officer profile images...
2026-07-26 17:42:08.373 | INFO     | engines.media_engine:generate:160 - Generating 20 vehicle images...
2026-07-26 17:42:08.524 | INFO     | engines.media_engine:generate:166 - Generating evidence type images...
2026-07-26 17:42:08.626 | INFO     | engines.media_engine:generate:172 - Generating crime scene images...
2026-07-26 17:42:08.830 | INFO     | engines.media_engine:generate:178 - Generating CCTV frame images...
2026-07-26 17:42:09.234 | INFO     | engines.media_engine:generate:184 - Generating synthetic fingerprint images...
2026-07-26 17:42:09.385 | INFO     | engines.media_engine:generate:190 - Generating synthetic signature images...
2026-07-26 17:42:09.432 | INFO     | engines.media_engine:generate:196 - Generating district crime heatmaps...
2026-07-26 17:42:10.077 | INFO     | engines.media_engine:generate:204 - Generating PDF documents...
2026-07-26 17:42:13.453 | INFO     | engines.media_engine:generate:218 - Media engine complete: 1672 actual media files generated, 50000 metadata-only records
2026-07-26 17:42:13.456 | INFO     | engines.base_engine:put:109 - DataStore: stored 'media_assets' with 1672 records
2026-07-26 17:42:13.456 | INFO     | engines.base_engine:put:109 - DataStore: stored 'media_metadata_all' with 51672 records
2026-07-26 17:42:13.456 | INFO     | engines.base_engine:run:222 - Engine 'media' completed: 53344 records across 2 tables in 16.83s
2026-07-26 17:42:13.456 | INFO     | orchestrator:run_all:171 - ────────────────────────────────────────
2026-07-26 17:42:13.457 | INFO     | orchestrator:run_all:172 - Running engine: time
2026-07-26 17:42:13.457 | INFO     | engines.base_engine:run:195 - Engine 'time' starting...
2026-07-26 17:42:13.457 | INFO     | engines.time_engine:generate:28 - Generating temporal context data...
2026-07-26 17:42:13.481 | INFO     | engines.time_engine:generate:110 - Generated 2557 daily time context records (2020-2026)
2026-07-26 17:42:13.483 | INFO     | engines.base_engine:put:109 - DataStore: stored 'time_context' with 2557 records
2026-07-26 17:42:13.483 | INFO     | engines.base_engine:put:109 - DataStore: stored 'hourly_crime_distribution' with 24 records
2026-07-26 17:42:13.484 | INFO     | engines.base_engine:run:222 - Engine 'time' completed: 2581 records across 2 tables in 0.03s
2026-07-26 17:42:13.484 | INFO     | orchestrator:run_all:171 - ────────────────────────────────────────
2026-07-26 17:42:13.484 | INFO     | orchestrator:run_all:172 - Running engine: festival
2026-07-26 17:42:13.484 | INFO     | engines.base_engine:run:195 - Engine 'festival' starting...
2026-07-26 17:42:13.484 | INFO     | engines.festival_engine:generate:83 - Generating festival and event calendar...
2026-07-26 17:42:16.153 | INFO     | engines.festival_engine:generate:143 - Generated 3121 festival/event entries
2026-07-26 17:42:16.154 | INFO     | engines.base_engine:put:109 - DataStore: stored 'festival_calendar' with 3121 records
2026-07-26 17:42:16.154 | INFO     | engines.base_engine:run:222 - Engine 'festival' completed: 3121 records across 1 tables in 2.67s
2026-07-26 17:42:16.154 | INFO     | orchestrator:run_all:171 - ────────────────────────────────────────
2026-07-26 17:42:16.155 | INFO     | orchestrator:run_all:172 - Running engine: weather
2026-07-26 17:42:16.155 | INFO     | engines.base_engine:run:195 - Engine 'weather' starting...
2026-07-26 17:42:16.155 | INFO     | engines.weather_engine:generate:51 - Generating weather data...
2026-07-26 17:42:19.324 | INFO     | engines.weather_engine:generate:147 - Generated 79267 weather records across 31 districts
2026-07-26 17:42:19.347 | INFO     | engines.base_engine:put:109 - DataStore: stored 'weather_records' with 79267 records
2026-07-26 17:42:19.348 | INFO     | engines.base_engine:run:222 - Engine 'weather' completed: 79267 records across 1 tables in 3.19s
2026-07-26 17:42:19.348 | INFO     | orchestrator:run_all:171 - ────────────────────────────────────────
2026-07-26 17:42:19.348 | INFO     | orchestrator:run_all:172 - Running engine: scenario
2026-07-26 17:42:19.348 | INFO     | engines.base_engine:run:195 - Engine 'scenario' starting...
2026-07-26 17:42:19.348 | INFO     | engines.scenario_engine:generate:158 - Running scenario simulation engine...
2026-07-26 17:49:51.227 | INFO     | engines.scenario_engine:generate:287 - Scenario engine: 34665 active scenarios, 186419 probability modifiers generated
2026-07-26 17:49:51.260 | INFO     | engines.base_engine:put:109 - DataStore: stored 'active_scenarios' with 34665 records
2026-07-26 17:49:51.261 | INFO     | engines.base_engine:put:109 - DataStore: stored 'probability_modifiers' with 186419 records
2026-07-26 17:49:51.261 | INFO     | engines.base_engine:run:222 - Engine 'scenario' completed: 221084 records across 2 tables in 451.91s
2026-07-26 17:49:51.261 | INFO     | orchestrator:run_all:171 - ────────────────────────────────────────
2026-07-26 17:49:51.261 | INFO     | orchestrator:run_all:172 - Running engine: crime
2026-07-26 17:49:51.261 | INFO     | engines.base_engine:run:195 - Engine 'crime' starting...
2026-07-26 17:49:51.261 | INFO     | engines.crime_engine.engine:generate:32 - Generating event-based crimes...
2026-07-26 17:49:51.296 | INFO     | engines.crime_engine.engine:generate:73 - Distributing 1000 cases over 2557 days...
2026-07-26 17:50:21.043 | INFO     | engines.crime_engine.engine:generate:306 - Generated 1000 cases, 1983 accused, 975 victims.
2026-07-26 17:50:21.071 | INFO     | engines.base_engine:put:109 - DataStore: stored 'cases' with 1000 records
2026-07-26 17:50:21.071 | INFO     | engines.base_engine:put:109 - DataStore: stored 'case_acts' with 1892 records
2026-07-26 17:50:21.071 | INFO     | engines.base_engine:put:109 - DataStore: stored 'case_sections' with 1282 records
2026-07-26 17:50:21.071 | INFO     | engines.base_engine:put:109 - DataStore: stored 'crime_events' with 1000 records
2026-07-26 17:50:21.072 | INFO     | engines.base_engine:put:109 - DataStore: stored 'victims' with 975 records
2026-07-26 17:50:21.072 | INFO     | engines.base_engine:put:109 - DataStore: stored 'accused_records' with 1983 records
2026-07-26 17:50:21.072 | INFO     | engines.base_engine:put:109 - DataStore: stored 'complainants' with 1000 records
2026-07-26 17:50:21.072 | INFO     | engines.base_engine:run:222 - Engine 'crime' completed: 9132 records across 7 tables in 29.81s
2026-07-26 17:50:21.072 | INFO     | orchestrator:run_all:171 - ────────────────────────────────────────
2026-07-26 17:50:21.072 | INFO     | orchestrator:run_all:172 - Running engine: behaviour
2026-07-26 17:50:21.072 | INFO     | engines.base_engine:run:195 - Engine 'behaviour' starting...
2026-07-26 17:50:21.072 | INFO     | engines.behaviour_engine.engine:generate:85 - Generating Modus Operandi and Psychological Profiles...
2026-07-26 17:50:21.610 | INFO     | engines.behaviour_engine.engine:generate:148 - Generated 988 M.O. profiles.
2026-07-26 17:50:21.615 | INFO     | engines.base_engine:put:109 - DataStore: stored 'modus_operandi' with 988 records
2026-07-26 17:50:21.615 | INFO     | engines.base_engine:put:109 - DataStore: stored 'accused_records' with 1983 records
2026-07-26 17:50:21.615 | INFO     | engines.base_engine:run:222 - Engine 'behaviour' completed: 2971 records across 2 tables in 0.54s
2026-07-26 17:50:21.615 | INFO     | orchestrator:run_all:171 - ────────────────────────────────────────
2026-07-26 17:50:21.615 | INFO     | orchestrator:run_all:172 - Running engine: evidence
2026-07-26 17:50:21.615 | INFO     | engines.base_engine:run:195 - Engine 'evidence' starting...
2026-07-26 17:50:21.615 | INFO     | engines.evidence_engine.engine:generate:27 - Generating Evidence and Forensics...
2026-07-26 17:50:22.726 | INFO     | engines.evidence_engine.engine:generate:96 - Generated 594 evidence items and 29 FSL reports.
2026-07-26 17:50:22.730 | INFO     | engines.base_engine:put:109 - DataStore: stored 'evidence' with 594 records
2026-07-26 17:50:22.730 | INFO     | engines.base_engine:put:109 - DataStore: stored 'forensics' with 29 records
2026-07-26 17:50:22.731 | INFO     | engines.base_engine:run:222 - Engine 'evidence' completed: 623 records across 2 tables in 1.12s
2026-07-26 17:50:22.731 | INFO     | orchestrator:run_all:171 - ────────────────────────────────────────
2026-07-26 17:50:22.731 | INFO     | orchestrator:run_all:172 - Running engine: gang
2026-07-26 17:50:22.731 | INFO     | engines.base_engine:run:195 - Engine 'gang' starting...
2026-07-26 17:50:22.731 | INFO     | engines.gang_engine.engine:generate:37 - Generating Organized Crime Syndicates...
2026-07-26 17:50:22.768 | INFO     | engines.gang_engine.engine:generate:100 - Generated 11 organized crime gangs.
2026-07-26 17:50:22.769 | INFO     | engines.base_engine:put:109 - DataStore: stored 'gangs' with 11 records
2026-07-26 17:50:22.769 | INFO     | engines.base_engine:put:109 - DataStore: stored 'accused_records' with 1983 records
2026-07-26 17:50:22.769 | INFO     | engines.base_engine:run:222 - Engine 'gang' completed: 1994 records across 2 tables in 0.04s
2026-07-26 17:50:22.770 | INFO     | orchestrator:run_all:171 - ────────────────────────────────────────
2026-07-26 17:50:22.770 | INFO     | orchestrator:run_all:172 - Running engine: communication
2026-07-26 17:50:22.770 | INFO     | engines.base_engine:run:195 - Engine 'communication' starting...
2026-07-26 17:50:22.770 | INFO     | engines.communication_engine.engine:generate:27 - Generating Communication Networks (CDRs)...
2026-07-26 17:50:23.088 | ERROR    | engines.base_engine:run:229 - Engine 'communication' FAILED: name 'caller_id' is not defined
2026-07-26 17:50:23.088 | ERROR    | orchestrator:run_all:178 - Engine 'communication' FAILED: name 'caller_id' is not defined
2026-07-26 17:50:23.090 | INFO     | orchestrator:run_all:171 - ────────────────────────────────────────
2026-07-26 17:50:23.090 | INFO     | orchestrator:run_all:172 - Running engine: financial
2026-07-26 17:50:23.090 | INFO     | engines.base_engine:run:195 - Engine 'financial' starting...
2026-07-26 17:50:23.090 | INFO     | engines.financial_engine.engine:generate:27 - Generating Bank Accounts and Financial Transactions...
2026-07-26 17:50:23.433 | INFO     | engines.financial_engine.engine:generate:151 - Generated 2841 bank accounts and 139 financial transactions.
2026-07-26 17:50:23.441 | INFO     | engines.base_engine:put:109 - DataStore: stored 'bank_accounts' with 2841 records
2026-07-26 17:50:23.441 | INFO     | engines.base_engine:put:109 - DataStore: stored 'financial_transactions' with 139 records
2026-07-26 17:50:23.441 | INFO     | engines.base_engine:run:222 - Engine 'financial' completed: 2980 records across 2 tables in 0.35s
2026-07-26 17:50:23.442 | INFO     | orchestrator:run_all:171 - ────────────────────────────────────────
2026-07-26 17:50:23.442 | INFO     | orchestrator:run_all:172 - Running engine: investigation
2026-07-26 17:50:23.442 | INFO     | engines.base_engine:run:195 - Engine 'investigation' starting...
2026-07-26 17:50:23.442 | INFO     | engines.investigation_engine.engine:generate:30 - Generating 13-step Investigation Lifecycles...
2026-07-26 17:50:23.975 | INFO     | engines.investigation_engine.engine:generate:174 - Generated 5160 investigation diaries, 174 chargesheets and 582 court proceedings.
2026-07-26 17:50:23.993 | INFO     | engines.base_engine:put:109 - DataStore: stored 'cases' with 1000 records
2026-07-26 17:50:23.993 | INFO     | engines.base_engine:put:109 - DataStore: stored 'crime_events' with 6160 records
2026-07-26 17:50:23.993 | INFO     | engines.base_engine:put:109 - DataStore: stored 'investigation_diaries' with 5160 records
2026-07-26 17:50:23.993 | INFO     | engines.base_engine:put:109 - DataStore: stored 'chargesheet_details' with 174 records
2026-07-26 17:50:23.994 | INFO     | engines.base_engine:put:109 - DataStore: stored 'court_proceedings' with 582 records
2026-07-26 17:50:23.994 | INFO     | engines.base_engine:run:222 - Engine 'investigation' completed: 13076 records across 5 tables in 0.55s
2026-07-26 17:50:23.994 | INFO     | orchestrator:run_all:171 - ────────────────────────────────────────
2026-07-26 17:50:23.994 | INFO     | orchestrator:run_all:172 - Running engine: narrative
2026-07-26 17:50:23.994 | INFO     | engines.base_engine:run:195 - Engine 'narrative' starting...
2026-07-26 17:50:23.994 | INFO     | engines.narrative_engine.engine:generate:27 - Generating Consistent Narratives (Complaints, FIR Texts, Statements)...
2026-07-26 17:50:24.141 | INFO     | engines.narrative_engine.engine:generate:94 - Generated 2496 narrative documents.
2026-07-26 17:50:24.146 | INFO     | engines.base_engine:put:109 - DataStore: stored 'narrative_documents' with 2496 records
2026-07-26 17:50:24.146 | INFO     | engines.base_engine:run:222 - Engine 'narrative' completed: 2496 records across 1 tables in 0.15s
2026-07-26 17:50:24.147 | WARNING  | orchestrator:run_all:165 - SKIPPED 'export': Skipped: dependency engine(s) failed: ['communication']
2026-07-26 17:50:24.148 | INFO     | orchestrator:_save_report:264 - Generation report saved to: output\reports\generation_report.json
2026-07-26 17:50:24.148 | INFO     | orchestrator:_save_report:267 - 
2026-07-26 17:50:24.149 | INFO     | orchestrator:_save_report:268 - ============================================================
2026-07-26 17:50:24.149 | INFO     | orchestrator:_save_report:269 - GENERATION REPORT SUMMARY
2026-07-26 17:50:24.149 | INFO     | orchestrator:_save_report:270 - ============================================================
2026-07-26 17:50:24.149 | INFO     | orchestrator:_save_report:271 - Status: PARTIAL_FAILURE
2026-07-26 17:50:24.149 | INFO     | orchestrator:_save_report:272 - Duration: 539.03s
2026-07-26 17:50:24.149 | INFO     | orchestrator:_save_report:273 - Records: 506810
2026-07-26 17:50:24.149 | INFO     | orchestrator:_save_report:274 - Tables: 52
2026-07-26 17:50:24.149 | INFO     | orchestrator:_save_report:275 - Succeeded: 15
2026-07-26 17:50:24.149 | INFO     | orchestrator:_save_report:276 - Failed: 1
2026-07-26 17:50:24.149 | INFO     | orchestrator:_save_report:277 - Skipped: 1
2026-07-26 17:50:24.149 | INFO     | orchestrator:_save_report:278 - 
2026-07-26 17:50:24.150 | INFO     | orchestrator:_save_report:281 - DataStore Contents:
2026-07-26 17:50:24.150 | INFO     | orchestrator:_save_report:283 -   states: 1 records
2026-07-26 17:50:24.150 | INFO     | orchestrator:_save_report:283 -   districts: 31 records
2026-07-26 17:50:24.150 | INFO     | orchestrator:_save_report:283 -   taluks: 111 records
2026-07-26 17:50:24.150 | INFO     | orchestrator:_save_report:283 -   unit_types: 8 records
2026-07-26 17:50:24.150 | INFO     | orchestrator:_save_report:283 -   police_stations: 1376 records
2026-07-26 17:50:24.150 | INFO     | orchestrator:_save_report:283 -   courts: 238 records
2026-07-26 17:50:24.150 | INFO     | orchestrator:_save_report:283 -   ranks: 13 records
2026-07-26 17:50:24.150 | INFO     | orchestrator:_save_report:283 -   designations: 10 records
2026-07-26 17:50:24.150 | INFO     | orchestrator:_save_report:283 -   occupations: 30 records
2026-07-26 17:50:24.150 | INFO     | orchestrator:_save_report:283 -   religions: 7 records
2026-07-26 17:50:24.150 | INFO     | orchestrator:_save_report:283 -   castes: 20 records
2026-07-26 17:50:24.151 | INFO     | orchestrator:_save_report:283 -   case_categories: 4 records
2026-07-26 17:50:24.151 | INFO     | orchestrator:_save_report:283 -   case_statuses: 12 records
2026-07-26 17:50:24.151 | INFO     | orchestrator:_save_report:283 -   gravity_offences: 3 records
2026-07-26 17:50:24.152 | INFO     | orchestrator:_save_report:283 -   crime_heads: 30 records
2026-07-26 17:50:24.152 | INFO     | orchestrator:_save_report:283 -   crime_sub_heads: 46 records
2026-07-26 17:50:24.152 | INFO     | orchestrator:_save_report:283 -   acts: 17 records
2026-07-26 17:50:24.152 | INFO     | orchestrator:_save_report:283 -   sections: 33 records
2026-07-26 17:50:24.152 | INFO     | orchestrator:_save_report:283 -   employees: 3000 records
2026-07-26 17:50:24.152 | INFO     | orchestrator:_save_report:283 -   postings: 3000 records
2026-07-26 17:50:24.152 | INFO     | orchestrator:_save_report:283 -   persons: 50000 records
2026-07-26 17:50:24.152 | INFO     | orchestrator:_save_report:283 -   households: 12000 records
2026-07-26 17:50:24.152 | INFO     | orchestrator:_save_report:283 -   family_relationships: 44151 records
2026-07-26 17:50:24.152 | INFO     | orchestrator:_save_report:283 -   media_assets: 1672 records
2026-07-26 17:50:24.152 | INFO     | orchestrator:_save_report:283 -   media_metadata_all: 51672 records
2026-07-26 17:50:24.152 | INFO     | orchestrator:_save_report:283 -   time_context: 2557 records
2026-07-26 17:50:24.152 | INFO     | orchestrator:_save_report:283 -   hourly_crime_distribution: 24 records
2026-07-26 17:50:24.153 | INFO     | orchestrator:_save_report:283 -   festival_calendar: 3121 records
2026-07-26 17:50:24.153 | INFO     | orchestrator:_save_report:283 -   weather_records: 79267 records
2026-07-26 17:50:24.153 | INFO     | orchestrator:_save_report:283 -   active_scenarios: 34665 records
2026-07-26 17:50:24.153 | INFO     | orchestrator:_save_report:283 -   probability_modifiers: 186419 records
2026-07-26 17:50:24.153 | INFO     | orchestrator:_save_report:283 -   cases: 1000 records
2026-07-26 17:50:24.153 | INFO     | orchestrator:_save_report:283 -   case_acts: 1892 records
2026-07-26 17:50:24.153 | INFO     | orchestrator:_save_report:283 -   case_sections: 1282 records
2026-07-26 17:50:24.153 | INFO     | orchestrator:_save_report:283 -   crime_events: 6160 records
2026-07-26 17:50:24.153 | INFO     | orchestrator:_save_report:283 -   victims: 975 records
2026-07-26 17:50:24.153 | INFO     | orchestrator:_save_report:283 -   accused_records: 1983 records
2026-07-26 17:50:24.153 | INFO     | orchestrator:_save_report:283 -   complainants: 1000 records
2026-07-26 17:50:24.153 | INFO     | orchestrator:_save_report:283 -   modus_operandi: 988 records
2026-07-26 17:50:24.154 | INFO     | orchestrator:_save_report:283 -   evidence: 594 records
2026-07-26 17:50:24.154 | INFO     | orchestrator:_save_report:283 -   forensics: 29 records
2026-07-26 17:50:24.154 | INFO     | orchestrator:_save_report:283 -   gangs: 11 records
2026-07-26 17:50:24.154 | INFO     | orchestrator:_save_report:283 -   bank_accounts: 2841 records
2026-07-26 17:50:24.154 | INFO     | orchestrator:_save_report:283 -   financial_transactions: 139 records
2026-07-26 17:50:24.154 | INFO     | orchestrator:_save_report:283 -   investigation_diaries: 5160 records
2026-07-26 17:50:24.154 | INFO     | orchestrator:_save_report:283 -   chargesheet_details: 174 records
2026-07-26 17:50:24.154 | INFO     | orchestrator:_save_report:283 -   court_proceedings: 582 records
2026-07-26 17:50:24.154 | INFO     | orchestrator:_save_report:283 -   narrative_documents: 2496 records
2026-07-26 17:50:24.154 | INFO     | orchestrator:_save_report:283 -   knowledge_graph_edges: 13820 records
2026-07-26 17:50:24.154 | INFO     | orchestrator:_save_report:284 - ============================================================
2026-07-26 17:51:04.389 | INFO     | __main__:generate_all:65 - Starting full pipeline execution...
2026-07-26 17:51:05.565 | INFO     | orchestrator:__init__:52 - Orchestrator initialized with 17 engines
2026-07-26 17:51:05.566 | INFO     | orchestrator:__init__:53 - Execution order: master → police → population → media → time → festival → weather → scenario → crime → behaviour → evidence → gang → communication → financial → investigation → narrative → export
2026-07-26 17:51:05.566 | INFO     | orchestrator:run_all:146 - ============================================================
2026-07-26 17:51:05.566 | INFO     | orchestrator:run_all:147 - CRIME SIMULATION LABORATORY — FULL PIPELINE EXECUTION
2026-07-26 17:51:05.566 | INFO     | orchestrator:run_all:148 - ============================================================
2026-07-26 17:51:05.566 | INFO     | orchestrator:run_all:149 - Seed: 42
2026-07-26 17:51:05.566 | INFO     | orchestrator:run_all:150 - Scale: 1000 cases, 50000 population
2026-07-26 17:51:05.567 | INFO     | orchestrator:run_all:151 - Years: 2020 - 2026
2026-07-26 17:51:05.567 | INFO     | orchestrator:run_all:152 - 
2026-07-26 17:51:05.567 | INFO     | orchestrator:run_all:171 - ────────────────────────────────────────
2026-07-26 17:51:05.567 | INFO     | orchestrator:run_all:172 - Running engine: master
2026-07-26 17:51:05.567 | INFO     | engines.base_engine:run:195 - Engine 'master' starting...
2026-07-26 17:51:05.567 | INFO     | engines.master_engine.engine:generate:43 - Generating master lookup tables...
2026-07-26 17:51:05.729 | INFO     | engines.master_engine.engine:_generate_police_stations:265 - Generated 1376 police stations
2026-07-26 17:51:05.756 | INFO     | engines.master_engine.engine:_generate_courts:341 - Generated 238 courts
2026-07-26 17:51:05.852 | INFO     | engines.master_engine.engine:generate:103 - Master generation complete: 18 tables, 1990 total records
2026-07-26 17:51:05.852 | INFO     | engines.base_engine:put:109 - DataStore: stored 'states' with 1 records
2026-07-26 17:51:05.853 | INFO     | engines.base_engine:put:109 - DataStore: stored 'districts' with 31 records
2026-07-26 17:51:05.853 | INFO     | engines.base_engine:put:109 - DataStore: stored 'taluks' with 111 records
2026-07-26 17:51:05.853 | INFO     | engines.base_engine:put:109 - DataStore: stored 'unit_types' with 8 records
2026-07-26 17:51:05.853 | INFO     | engines.base_engine:put:109 - DataStore: stored 'police_stations' with 1376 records
2026-07-26 17:51:05.853 | INFO     | engines.base_engine:put:109 - DataStore: stored 'courts' with 238 records
2026-07-26 17:51:05.853 | INFO     | engines.base_engine:put:109 - DataStore: stored 'ranks' with 13 records
2026-07-26 17:51:05.853 | INFO     | engines.base_engine:put:109 - DataStore: stored 'designations' with 10 records
2026-07-26 17:51:05.853 | INFO     | engines.base_engine:put:109 - DataStore: stored 'occupations' with 30 records
2026-07-26 17:51:05.853 | INFO     | engines.base_engine:put:109 - DataStore: stored 'religions' with 7 records
2026-07-26 17:51:05.853 | INFO     | engines.base_engine:put:109 - DataStore: stored 'castes' with 20 records
2026-07-26 17:51:05.854 | INFO     | engines.base_engine:put:109 - DataStore: stored 'case_categories' with 4 records
2026-07-26 17:51:05.854 | INFO     | engines.base_engine:put:109 - DataStore: stored 'case_statuses' with 12 records
2026-07-26 17:51:05.854 | INFO     | engines.base_engine:put:109 - DataStore: stored 'gravity_offences' with 3 records
2026-07-26 17:51:05.854 | INFO     | engines.base_engine:put:109 - DataStore: stored 'crime_heads' with 30 records
2026-07-26 17:51:05.854 | INFO     | engines.base_engine:put:109 - DataStore: stored 'crime_sub_heads' with 46 records
2026-07-26 17:51:05.854 | INFO     | engines.base_engine:put:109 - DataStore: stored 'acts' with 17 records
2026-07-26 17:51:05.854 | INFO     | engines.base_engine:put:109 - DataStore: stored 'sections' with 33 records
2026-07-26 17:51:05.855 | INFO     | engines.base_engine:run:222 - Engine 'master' completed: 1990 records across 18 tables in 0.29s
2026-07-26 17:51:05.855 | INFO     | orchestrator:run_all:171 - ────────────────────────────────────────
2026-07-26 17:51:05.855 | INFO     | orchestrator:run_all:172 - Running engine: police
2026-07-26 17:51:05.855 | INFO     | engines.base_engine:run:195 - Engine 'police' starting...
2026-07-26 17:51:05.855 | INFO     | engines.police_engine:generate:27 - Generating police personnel...
2026-07-26 17:51:06.782 | INFO     | engines.police_engine:generate:163 - Generated 3000 employees with 3000 postings
2026-07-26 17:51:06.785 | INFO     | engines.base_engine:put:109 - DataStore: stored 'employees' with 3000 records
2026-07-26 17:51:06.785 | INFO     | engines.base_engine:put:109 - DataStore: stored 'postings' with 3000 records
2026-07-26 17:51:06.785 | INFO     | engines.base_engine:run:222 - Engine 'police' completed: 6000 records across 2 tables in 0.93s
2026-07-26 17:51:06.785 | INFO     | orchestrator:run_all:171 - ────────────────────────────────────────
2026-07-26 17:51:06.785 | INFO     | orchestrator:run_all:172 - Running engine: population
2026-07-26 17:51:06.785 | INFO     | engines.base_engine:run:195 - Engine 'population' starting...
2026-07-26 17:51:06.785 | INFO     | engines.population_engine.engine:generate:40 - Generating synthetic population...
2026-07-26 17:51:36.640 | INFO     | engines.population_engine.engine:generate:77 - Generated 50000 persons in 12000 households with 44151 family relationships
2026-07-26 17:51:36.641 | INFO     | engines.base_engine:put:109 - DataStore: stored 'persons' with 50000 records
2026-07-26 17:51:36.641 | INFO     | engines.base_engine:put:109 - DataStore: stored 'households' with 12000 records
2026-07-26 17:51:36.641 | INFO     | engines.base_engine:put:109 - DataStore: stored 'family_relationships' with 44151 records
2026-07-26 17:51:36.641 | INFO     | engines.base_engine:run:222 - Engine 'population' completed: 106151 records across 3 tables in 29.86s
2026-07-26 17:51:36.641 | INFO     | orchestrator:run_all:171 - ────────────────────────────────────────
2026-07-26 17:51:36.641 | INFO     | orchestrator:run_all:172 - Running engine: media
2026-07-26 17:51:36.641 | INFO     | engines.base_engine:run:195 - Engine 'media' starting...
2026-07-26 17:51:36.642 | INFO     | engines.media_engine:generate:105 - Starting Media Asset Generation Engine...
2026-07-26 17:51:36.644 | INFO     | engines.media_engine:generate:143 - Generating 1500 person profile images...
2026-07-26 17:51:47.977 | INFO     | engines.media_engine:generate:151 - Generating 90 officer profile images...
2026-07-26 17:51:48.631 | INFO     | engines.media_engine:generate:160 - Generating 20 vehicle images...
2026-07-26 17:51:48.779 | INFO     | engines.media_engine:generate:166 - Generating evidence type images...
2026-07-26 17:51:48.886 | INFO     | engines.media_engine:generate:172 - Generating crime scene images...
2026-07-26 17:51:49.095 | INFO     | engines.media_engine:generate:178 - Generating CCTV frame images...
2026-07-26 17:51:49.465 | INFO     | engines.media_engine:generate:184 - Generating synthetic fingerprint images...
2026-07-26 17:51:49.628 | INFO     | engines.media_engine:generate:190 - Generating synthetic signature images...
2026-07-26 17:51:49.673 | INFO     | engines.media_engine:generate:196 - Generating district crime heatmaps...
2026-07-26 17:51:50.333 | INFO     | engines.media_engine:generate:204 - Generating PDF documents...
2026-07-26 17:51:53.738 | INFO     | engines.media_engine:generate:218 - Media engine complete: 1672 actual media files generated, 50000 metadata-only records
2026-07-26 17:51:53.741 | INFO     | engines.base_engine:put:109 - DataStore: stored 'media_assets' with 1672 records
2026-07-26 17:51:53.741 | INFO     | engines.base_engine:put:109 - DataStore: stored 'media_metadata_all' with 51672 records
2026-07-26 17:51:53.741 | INFO     | engines.base_engine:run:222 - Engine 'media' completed: 53344 records across 2 tables in 17.10s
2026-07-26 17:51:53.742 | INFO     | orchestrator:run_all:171 - ────────────────────────────────────────
2026-07-26 17:51:53.742 | INFO     | orchestrator:run_all:172 - Running engine: time
2026-07-26 17:51:53.742 | INFO     | engines.base_engine:run:195 - Engine 'time' starting...
2026-07-26 17:51:53.742 | INFO     | engines.time_engine:generate:28 - Generating temporal context data...
2026-07-26 17:51:53.764 | INFO     | engines.time_engine:generate:110 - Generated 2557 daily time context records (2020-2026)
2026-07-26 17:51:53.767 | INFO     | engines.base_engine:put:109 - DataStore: stored 'time_context' with 2557 records
2026-07-26 17:51:53.767 | INFO     | engines.base_engine:put:109 - DataStore: stored 'hourly_crime_distribution' with 24 records
2026-07-26 17:51:53.767 | INFO     | engines.base_engine:run:222 - Engine 'time' completed: 2581 records across 2 tables in 0.03s
2026-07-26 17:51:53.767 | INFO     | orchestrator:run_all:171 - ────────────────────────────────────────
2026-07-26 17:51:53.767 | INFO     | orchestrator:run_all:172 - Running engine: festival
2026-07-26 17:51:53.767 | INFO     | engines.base_engine:run:195 - Engine 'festival' starting...
2026-07-26 17:51:53.767 | INFO     | engines.festival_engine:generate:83 - Generating festival and event calendar...
2026-07-26 17:51:56.348 | INFO     | engines.festival_engine:generate:143 - Generated 3121 festival/event entries
2026-07-26 17:51:56.349 | INFO     | engines.base_engine:put:109 - DataStore: stored 'festival_calendar' with 3121 records
2026-07-26 17:51:56.349 | INFO     | engines.base_engine:run:222 - Engine 'festival' completed: 3121 records across 1 tables in 2.58s
2026-07-26 17:51:56.349 | INFO     | orchestrator:run_all:171 - ────────────────────────────────────────
2026-07-26 17:51:56.349 | INFO     | orchestrator:run_all:172 - Running engine: weather
2026-07-26 17:51:56.349 | INFO     | engines.base_engine:run:195 - Engine 'weather' starting...
2026-07-26 17:51:56.350 | INFO     | engines.weather_engine:generate:51 - Generating weather data...
2026-07-26 17:51:59.429 | INFO     | engines.weather_engine:generate:147 - Generated 79267 weather records across 31 districts
2026-07-26 17:51:59.451 | INFO     | engines.base_engine:put:109 - DataStore: stored 'weather_records' with 79267 records
2026-07-26 17:51:59.451 | INFO     | engines.base_engine:run:222 - Engine 'weather' completed: 79267 records across 1 tables in 3.10s
2026-07-26 17:51:59.452 | INFO     | orchestrator:run_all:171 - ────────────────────────────────────────
2026-07-26 17:51:59.452 | INFO     | orchestrator:run_all:172 - Running engine: scenario
2026-07-26 17:51:59.452 | INFO     | engines.base_engine:run:195 - Engine 'scenario' starting...
2026-07-26 17:51:59.452 | INFO     | engines.scenario_engine:generate:158 - Running scenario simulation engine...
2026-07-26 17:59:28.347 | INFO     | engines.scenario_engine:generate:287 - Scenario engine: 34665 active scenarios, 186419 probability modifiers generated
2026-07-26 17:59:28.395 | INFO     | engines.base_engine:put:109 - DataStore: stored 'active_scenarios' with 34665 records
2026-07-26 17:59:28.395 | INFO     | engines.base_engine:put:109 - DataStore: stored 'probability_modifiers' with 186419 records
2026-07-26 17:59:28.395 | INFO     | engines.base_engine:run:222 - Engine 'scenario' completed: 221084 records across 2 tables in 448.94s
2026-07-26 17:59:28.395 | INFO     | orchestrator:run_all:171 - ────────────────────────────────────────
2026-07-26 17:59:28.396 | INFO     | orchestrator:run_all:172 - Running engine: crime
2026-07-26 17:59:28.396 | INFO     | engines.base_engine:run:195 - Engine 'crime' starting...
2026-07-26 17:59:28.396 | INFO     | engines.crime_engine.engine:generate:32 - Generating event-based crimes...
2026-07-26 17:59:28.447 | INFO     | engines.crime_engine.engine:generate:73 - Distributing 1000 cases over 2557 days...
2026-07-26 17:59:58.116 | INFO     | engines.crime_engine.engine:generate:306 - Generated 1000 cases, 1983 accused, 975 victims.
2026-07-26 17:59:58.153 | INFO     | engines.base_engine:put:109 - DataStore: stored 'cases' with 1000 records
2026-07-26 17:59:58.154 | INFO     | engines.base_engine:put:109 - DataStore: stored 'case_acts' with 1892 records
2026-07-26 17:59:58.154 | INFO     | engines.base_engine:put:109 - DataStore: stored 'case_sections' with 1282 records
2026-07-26 17:59:58.154 | INFO     | engines.base_engine:put:109 - DataStore: stored 'crime_events' with 1000 records
2026-07-26 17:59:58.154 | INFO     | engines.base_engine:put:109 - DataStore: stored 'victims' with 975 records
2026-07-26 17:59:58.154 | INFO     | engines.base_engine:put:109 - DataStore: stored 'accused_records' with 1983 records
2026-07-26 17:59:58.154 | INFO     | engines.base_engine:put:109 - DataStore: stored 'complainants' with 1000 records
2026-07-26 17:59:58.154 | INFO     | engines.base_engine:run:222 - Engine 'crime' completed: 9132 records across 7 tables in 29.76s
2026-07-26 17:59:58.154 | INFO     | orchestrator:run_all:171 - ────────────────────────────────────────
2026-07-26 17:59:58.154 | INFO     | orchestrator:run_all:172 - Running engine: behaviour
2026-07-26 17:59:58.155 | INFO     | engines.base_engine:run:195 - Engine 'behaviour' starting...
2026-07-26 17:59:58.155 | INFO     | engines.behaviour_engine.engine:generate:85 - Generating Modus Operandi and Psychological Profiles...
2026-07-26 17:59:58.572 | INFO     | engines.behaviour_engine.engine:generate:148 - Generated 988 M.O. profiles.
2026-07-26 17:59:58.578 | INFO     | engines.base_engine:put:109 - DataStore: stored 'modus_operandi' with 988 records
2026-07-26 17:59:58.578 | INFO     | engines.base_engine:put:109 - DataStore: stored 'accused_records' with 1983 records
2026-07-26 17:59:58.578 | INFO     | engines.base_engine:run:222 - Engine 'behaviour' completed: 2971 records across 2 tables in 0.42s
2026-07-26 17:59:58.578 | INFO     | orchestrator:run_all:171 - ────────────────────────────────────────
2026-07-26 17:59:58.578 | INFO     | orchestrator:run_all:172 - Running engine: evidence
2026-07-26 17:59:58.578 | INFO     | engines.base_engine:run:195 - Engine 'evidence' starting...
2026-07-26 17:59:58.579 | INFO     | engines.evidence_engine.engine:generate:27 - Generating Evidence and Forensics...
2026-07-26 17:59:59.629 | INFO     | engines.evidence_engine.engine:generate:96 - Generated 594 evidence items and 29 FSL reports.
2026-07-26 17:59:59.633 | INFO     | engines.base_engine:put:109 - DataStore: stored 'evidence' with 594 records
2026-07-26 17:59:59.633 | INFO     | engines.base_engine:put:109 - DataStore: stored 'forensics' with 29 records
2026-07-26 17:59:59.634 | INFO     | engines.base_engine:run:222 - Engine 'evidence' completed: 623 records across 2 tables in 1.05s
2026-07-26 17:59:59.634 | INFO     | orchestrator:run_all:171 - ────────────────────────────────────────
2026-07-26 17:59:59.634 | INFO     | orchestrator:run_all:172 - Running engine: gang
2026-07-26 17:59:59.634 | INFO     | engines.base_engine:run:195 - Engine 'gang' starting...
2026-07-26 17:59:59.634 | INFO     | engines.gang_engine.engine:generate:37 - Generating Organized Crime Syndicates...
2026-07-26 17:59:59.668 | INFO     | engines.gang_engine.engine:generate:100 - Generated 11 organized crime gangs.
2026-07-26 17:59:59.670 | INFO     | engines.base_engine:put:109 - DataStore: stored 'gangs' with 11 records
2026-07-26 17:59:59.670 | INFO     | engines.base_engine:put:109 - DataStore: stored 'accused_records' with 1983 records
2026-07-26 17:59:59.670 | INFO     | engines.base_engine:run:222 - Engine 'gang' completed: 1994 records across 2 tables in 0.04s
2026-07-26 17:59:59.670 | INFO     | orchestrator:run_all:171 - ────────────────────────────────────────
2026-07-26 17:59:59.671 | INFO     | orchestrator:run_all:172 - Running engine: communication
2026-07-26 17:59:59.671 | INFO     | engines.base_engine:run:195 - Engine 'communication' starting...
2026-07-26 17:59:59.671 | INFO     | engines.communication_engine.engine:generate:27 - Generating Communication Networks (CDRs)...
2026-07-26 18:00:00.770 | INFO     | engines.communication_engine.engine:generate:129 - Generated 1945 devices and 4262 CDR records for link analysis.
2026-07-26 18:00:00.797 | INFO     | engines.base_engine:put:109 - DataStore: stored 'devices' with 1945 records
2026-07-26 18:00:00.797 | INFO     | engines.base_engine:put:109 - DataStore: stored 'call_detail_records' with 4262 records
2026-07-26 18:00:00.797 | INFO     | engines.base_engine:run:222 - Engine 'communication' completed: 6207 records across 2 tables in 1.13s
2026-07-26 18:00:00.797 | INFO     | orchestrator:run_all:171 - ────────────────────────────────────────
2026-07-26 18:00:00.797 | INFO     | orchestrator:run_all:172 - Running engine: financial
2026-07-26 18:00:00.797 | INFO     | engines.base_engine:run:195 - Engine 'financial' starting...
2026-07-26 18:00:00.798 | INFO     | engines.financial_engine.engine:generate:27 - Generating Bank Accounts and Financial Transactions...
2026-07-26 18:00:01.210 | INFO     | engines.financial_engine.engine:generate:151 - Generated 2861 bank accounts and 131 financial transactions.
2026-07-26 18:00:01.219 | INFO     | engines.base_engine:put:109 - DataStore: stored 'bank_accounts' with 2861 records
2026-07-26 18:00:01.219 | INFO     | engines.base_engine:put:109 - DataStore: stored 'financial_transactions' with 131 records
2026-07-26 18:00:01.219 | INFO     | engines.base_engine:run:222 - Engine 'financial' completed: 2992 records across 2 tables in 0.42s
2026-07-26 18:00:01.219 | INFO     | orchestrator:run_all:171 - ────────────────────────────────────────
2026-07-26 18:00:01.219 | INFO     | orchestrator:run_all:172 - Running engine: investigation
2026-07-26 18:00:01.219 | INFO     | engines.base_engine:run:195 - Engine 'investigation' starting...
2026-07-26 18:00:01.219 | INFO     | engines.investigation_engine.engine:generate:30 - Generating 13-step Investigation Lifecycles...
2026-07-26 18:00:01.716 | INFO     | engines.investigation_engine.engine:generate:174 - Generated 5099 investigation diaries, 162 chargesheets and 586 court proceedings.
2026-07-26 18:00:01.732 | INFO     | engines.base_engine:put:109 - DataStore: stored 'cases' with 1000 records
2026-07-26 18:00:01.733 | INFO     | engines.base_engine:put:109 - DataStore: stored 'crime_events' with 6099 records
2026-07-26 18:00:01.733 | INFO     | engines.base_engine:put:109 - DataStore: stored 'investigation_diaries' with 5099 records
2026-07-26 18:00:01.733 | INFO     | engines.base_engine:put:109 - DataStore: stored 'chargesheet_details' with 162 records
2026-07-26 18:00:01.733 | INFO     | engines.base_engine:put:109 - DataStore: stored 'court_proceedings' with 586 records
2026-07-26 18:00:01.733 | INFO     | engines.base_engine:run:222 - Engine 'investigation' completed: 12946 records across 5 tables in 0.51s
2026-07-26 18:00:01.733 | INFO     | orchestrator:run_all:171 - ────────────────────────────────────────
2026-07-26 18:00:01.733 | INFO     | orchestrator:run_all:172 - Running engine: narrative
2026-07-26 18:00:01.733 | INFO     | engines.base_engine:run:195 - Engine 'narrative' starting...
2026-07-26 18:00:01.733 | INFO     | engines.narrative_engine.engine:generate:27 - Generating Consistent Narratives (Complaints, FIR Texts, Statements)...
2026-07-26 18:00:01.877 | INFO     | engines.narrative_engine.engine:generate:94 - Generated 2496 narrative documents.
2026-07-26 18:00:01.883 | INFO     | engines.base_engine:put:109 - DataStore: stored 'narrative_documents' with 2496 records
2026-07-26 18:00:01.883 | INFO     | engines.base_engine:run:222 - Engine 'narrative' completed: 2496 records across 1 tables in 0.15s
2026-07-26 18:00:01.884 | INFO     | orchestrator:run_all:171 - ────────────────────────────────────────
2026-07-26 18:00:01.884 | INFO     | orchestrator:run_all:172 - Running engine: export
2026-07-26 18:00:01.884 | INFO     | engines.base_engine:run:195 - Engine 'export' starting...
2026-07-26 18:00:01.884 | ERROR    | engines.base_engine:run:229 - Engine 'export' FAILED: Engine 'export' requires table 'evidence_items' from engine 'evidence', but it is not available in the DataStore. Ensure engine 'evidence' runs successfully before 'export'.
2026-07-26 18:00:01.884 | ERROR    | orchestrator:run_all:178 - Engine 'export' FAILED: Engine 'export' requires table 'evidence_items' from engine 'evidence', but it is not available in the DataStore. Ensure engine 'evidence' runs successfully before 'export'.
2026-07-26 18:00:01.886 | INFO     | orchestrator:_save_report:264 - Generation report saved to: output\reports\generation_report.json
2026-07-26 18:00:01.886 | INFO     | orchestrator:_save_report:267 - 
2026-07-26 18:00:01.886 | INFO     | orchestrator:_save_report:268 - ============================================================
2026-07-26 18:00:01.886 | INFO     | orchestrator:_save_report:269 - GENERATION REPORT SUMMARY
2026-07-26 18:00:01.886 | INFO     | orchestrator:_save_report:270 - ============================================================
2026-07-26 18:00:01.886 | INFO     | orchestrator:_save_report:271 - Status: PARTIAL_FAILURE
2026-07-26 18:00:01.886 | INFO     | orchestrator:_save_report:272 - Duration: 536.32s
2026-07-26 18:00:01.886 | INFO     | orchestrator:_save_report:273 - Records: 512899
2026-07-26 18:00:01.886 | INFO     | orchestrator:_save_report:274 - Tables: 54
2026-07-26 18:00:01.887 | INFO     | orchestrator:_save_report:275 - Succeeded: 16
2026-07-26 18:00:01.887 | INFO     | orchestrator:_save_report:276 - Failed: 1
2026-07-26 18:00:01.887 | INFO     | orchestrator:_save_report:277 - Skipped: 0
2026-07-26 18:00:01.887 | INFO     | orchestrator:_save_report:278 - 
2026-07-26 18:00:01.887 | INFO     | orchestrator:_save_report:281 - DataStore Contents:
2026-07-26 18:00:01.887 | INFO     | orchestrator:_save_report:283 -   states: 1 records
2026-07-26 18:00:01.887 | INFO     | orchestrator:_save_report:283 -   districts: 31 records
2026-07-26 18:00:01.887 | INFO     | orchestrator:_save_report:283 -   taluks: 111 records
2026-07-26 18:00:01.887 | INFO     | orchestrator:_save_report:283 -   unit_types: 8 records
2026-07-26 18:00:01.888 | INFO     | orchestrator:_save_report:283 -   police_stations: 1376 records
2026-07-26 18:00:01.888 | INFO     | orchestrator:_save_report:283 -   courts: 238 records
2026-07-26 18:00:01.888 | INFO     | orchestrator:_save_report:283 -   ranks: 13 records
2026-07-26 18:00:01.888 | INFO     | orchestrator:_save_report:283 -   designations: 10 records
2026-07-26 18:00:01.888 | INFO     | orchestrator:_save_report:283 -   occupations: 30 records
2026-07-26 18:00:01.888 | INFO     | orchestrator:_save_report:283 -   religions: 7 records
2026-07-26 18:00:01.888 | INFO     | orchestrator:_save_report:283 -   castes: 20 records
2026-07-26 18:00:01.888 | INFO     | orchestrator:_save_report:283 -   case_categories: 4 records
2026-07-26 18:00:01.888 | INFO     | orchestrator:_save_report:283 -   case_statuses: 12 records
2026-07-26 18:00:01.889 | INFO     | orchestrator:_save_report:283 -   gravity_offences: 3 records
2026-07-26 18:00:01.889 | INFO     | orchestrator:_save_report:283 -   crime_heads: 30 records
2026-07-26 18:00:01.889 | INFO     | orchestrator:_save_report:283 -   crime_sub_heads: 46 records
2026-07-26 18:00:01.889 | INFO     | orchestrator:_save_report:283 -   acts: 17 records
2026-07-26 18:00:01.889 | INFO     | orchestrator:_save_report:283 -   sections: 33 records
2026-07-26 18:00:01.889 | INFO     | orchestrator:_save_report:283 -   employees: 3000 records
2026-07-26 18:00:01.889 | INFO     | orchestrator:_save_report:283 -   postings: 3000 records
2026-07-26 18:00:01.889 | INFO     | orchestrator:_save_report:283 -   persons: 50000 records
2026-07-26 18:00:01.889 | INFO     | orchestrator:_save_report:283 -   households: 12000 records
2026-07-26 18:00:01.890 | INFO     | orchestrator:_save_report:283 -   family_relationships: 44151 records
2026-07-26 18:00:01.890 | INFO     | orchestrator:_save_report:283 -   media_assets: 1672 records
2026-07-26 18:00:01.890 | INFO     | orchestrator:_save_report:283 -   media_metadata_all: 51672 records
2026-07-26 18:00:01.890 | INFO     | orchestrator:_save_report:283 -   time_context: 2557 records
2026-07-26 18:00:01.890 | INFO     | orchestrator:_save_report:283 -   hourly_crime_distribution: 24 records
2026-07-26 18:00:01.890 | INFO     | orchestrator:_save_report:283 -   festival_calendar: 3121 records
2026-07-26 18:00:01.890 | INFO     | orchestrator:_save_report:283 -   weather_records: 79267 records
2026-07-26 18:00:01.891 | INFO     | orchestrator:_save_report:283 -   active_scenarios: 34665 records
2026-07-26 18:00:01.891 | INFO     | orchestrator:_save_report:283 -   probability_modifiers: 186419 records
2026-07-26 18:00:01.891 | INFO     | orchestrator:_save_report:283 -   cases: 1000 records
2026-07-26 18:00:01.891 | INFO     | orchestrator:_save_report:283 -   case_acts: 1892 records
2026-07-26 18:00:01.891 | INFO     | orchestrator:_save_report:283 -   case_sections: 1282 records
2026-07-26 18:00:01.891 | INFO     | orchestrator:_save_report:283 -   crime_events: 6099 records
2026-07-26 18:00:01.891 | INFO     | orchestrator:_save_report:283 -   victims: 975 records
2026-07-26 18:00:01.891 | INFO     | orchestrator:_save_report:283 -   accused_records: 1983 records
2026-07-26 18:00:01.892 | INFO     | orchestrator:_save_report:283 -   complainants: 1000 records
2026-07-26 18:00:01.892 | INFO     | orchestrator:_save_report:283 -   modus_operandi: 988 records
2026-07-26 18:00:01.892 | INFO     | orchestrator:_save_report:283 -   evidence: 594 records
2026-07-26 18:00:01.892 | INFO     | orchestrator:_save_report:283 -   forensics: 29 records
2026-07-26 18:00:01.892 | INFO     | orchestrator:_save_report:283 -   gangs: 11 records
2026-07-26 18:00:01.892 | INFO     | orchestrator:_save_report:283 -   devices: 1945 records
2026-07-26 18:00:01.893 | INFO     | orchestrator:_save_report:283 -   call_detail_records: 4262 records
2026-07-26 18:00:01.893 | INFO     | orchestrator:_save_report:283 -   bank_accounts: 2861 records
2026-07-26 18:00:01.893 | INFO     | orchestrator:_save_report:283 -   financial_transactions: 131 records
2026-07-26 18:00:01.893 | INFO     | orchestrator:_save_report:283 -   investigation_diaries: 5099 records
2026-07-26 18:00:01.893 | INFO     | orchestrator:_save_report:283 -   chargesheet_details: 162 records
2026-07-26 18:00:01.893 | INFO     | orchestrator:_save_report:283 -   court_proceedings: 586 records
2026-07-26 18:00:01.893 | INFO     | orchestrator:_save_report:283 -   narrative_documents: 2496 records
2026-07-26 18:00:01.893 | INFO     | orchestrator:_save_report:283 -   knowledge_graph_edges: 18031 records
2026-07-26 18:00:01.893 | INFO     | orchestrator:_save_report:284 - ============================================================
2026-07-26 18:00:42.492 | INFO     | __main__:generate_all:65 - Starting full pipeline execution...
2026-07-26 18:00:43.705 | INFO     | orchestrator:__init__:52 - Orchestrator initialized with 17 engines
2026-07-26 18:00:43.705 | INFO     | orchestrator:__init__:53 - Execution order: master → police → population → media → time → festival → weather → scenario → crime → behaviour → evidence → gang → communication → financial → investigation → narrative → export
2026-07-26 18:00:43.705 | INFO     | orchestrator:run_all:146 - ============================================================
2026-07-26 18:00:43.705 | INFO     | orchestrator:run_all:147 - CRIME SIMULATION LABORATORY — FULL PIPELINE EXECUTION
2026-07-26 18:00:43.705 | INFO     | orchestrator:run_all:148 - ============================================================
2026-07-26 18:00:43.705 | INFO     | orchestrator:run_all:149 - Seed: 42
2026-07-26 18:00:43.706 | INFO     | orchestrator:run_all:150 - Scale: 1000 cases, 50000 population
2026-07-26 18:00:43.706 | INFO     | orchestrator:run_all:151 - Years: 2020 - 2026
2026-07-26 18:00:43.706 | INFO     | orchestrator:run_all:152 - 
2026-07-26 18:00:43.706 | INFO     | orchestrator:run_all:171 - ────────────────────────────────────────
2026-07-26 18:00:43.706 | INFO     | orchestrator:run_all:172 - Running engine: master
2026-07-26 18:00:43.706 | INFO     | engines.base_engine:run:195 - Engine 'master' starting...
2026-07-26 18:00:43.707 | INFO     | engines.master_engine.engine:generate:43 - Generating master lookup tables...
2026-07-26 18:00:43.884 | INFO     | engines.master_engine.engine:_generate_police_stations:265 - Generated 1376 police stations
2026-07-26 18:00:43.917 | INFO     | engines.master_engine.engine:_generate_courts:341 - Generated 238 courts
2026-07-26 18:00:44.012 | INFO     | engines.master_engine.engine:generate:103 - Master generation complete: 18 tables, 1990 total records
2026-07-26 18:00:44.013 | INFO     | engines.base_engine:put:109 - DataStore: stored 'states' with 1 records
2026-07-26 18:00:44.013 | INFO     | engines.base_engine:put:109 - DataStore: stored 'districts' with 31 records
2026-07-26 18:00:44.013 | INFO     | engines.base_engine:put:109 - DataStore: stored 'taluks' with 111 records
2026-07-26 18:00:44.013 | INFO     | engines.base_engine:put:109 - DataStore: stored 'unit_types' with 8 records
2026-07-26 18:00:44.013 | INFO     | engines.base_engine:put:109 - DataStore: stored 'police_stations' with 1376 records
2026-07-26 18:00:44.013 | INFO     | engines.base_engine:put:109 - DataStore: stored 'courts' with 238 records
2026-07-26 18:00:44.013 | INFO     | engines.base_engine:put:109 - DataStore: stored 'ranks' with 13 records
2026-07-26 18:00:44.013 | INFO     | engines.base_engine:put:109 - DataStore: stored 'designations' with 10 records
2026-07-26 18:00:44.013 | INFO     | engines.base_engine:put:109 - DataStore: stored 'occupations' with 30 records
2026-07-26 18:00:44.013 | INFO     | engines.base_engine:put:109 - DataStore: stored 'religions' with 7 records
2026-07-26 18:00:44.014 | INFO     | engines.base_engine:put:109 - DataStore: stored 'castes' with 20 records
2026-07-26 18:00:44.014 | INFO     | engines.base_engine:put:109 - DataStore: stored 'case_categories' with 4 records
2026-07-26 18:00:44.014 | INFO     | engines.base_engine:put:109 - DataStore: stored 'case_statuses' with 12 records
2026-07-26 18:00:44.014 | INFO     | engines.base_engine:put:109 - DataStore: stored 'gravity_offences' with 3 records
2026-07-26 18:00:44.014 | INFO     | engines.base_engine:put:109 - DataStore: stored 'crime_heads' with 30 records
2026-07-26 18:00:44.014 | INFO     | engines.base_engine:put:109 - DataStore: stored 'crime_sub_heads' with 46 records
2026-07-26 18:00:44.014 | INFO     | engines.base_engine:put:109 - DataStore: stored 'acts' with 17 records
2026-07-26 18:00:44.014 | INFO     | engines.base_engine:put:109 - DataStore: stored 'sections' with 33 records
2026-07-26 18:00:44.014 | INFO     | engines.base_engine:run:222 - Engine 'master' completed: 1990 records across 18 tables in 0.31s
2026-07-26 18:00:44.015 | INFO     | orchestrator:run_all:171 - ────────────────────────────────────────
2026-07-26 18:00:44.015 | INFO     | orchestrator:run_all:172 - Running engine: police
2026-07-26 18:00:44.015 | INFO     | engines.base_engine:run:195 - Engine 'police' starting...
2026-07-26 18:00:44.015 | INFO     | engines.police_engine:generate:27 - Generating police personnel...
2026-07-26 18:00:45.135 | INFO     | engines.police_engine:generate:163 - Generated 3000 employees with 3000 postings
2026-07-26 18:00:45.138 | INFO     | engines.base_engine:put:109 - DataStore: stored 'employees' with 3000 records
2026-07-26 18:00:45.138 | INFO     | engines.base_engine:put:109 - DataStore: stored 'postings' with 3000 records
2026-07-26 18:00:45.138 | INFO     | engines.base_engine:run:222 - Engine 'police' completed: 6000 records across 2 tables in 1.12s
2026-07-26 18:00:45.138 | INFO     | orchestrator:run_all:171 - ────────────────────────────────────────
2026-07-26 18:00:45.138 | INFO     | orchestrator:run_all:172 - Running engine: population
2026-07-26 18:00:45.139 | INFO     | engines.base_engine:run:195 - Engine 'population' starting...
2026-07-26 18:00:45.139 | INFO     | engines.population_engine.engine:generate:40 - Generating synthetic population...
2026-07-26 18:01:15.284 | INFO     | engines.population_engine.engine:generate:77 - Generated 50000 persons in 12000 households with 44151 family relationships
2026-07-26 18:01:15.285 | INFO     | engines.base_engine:put:109 - DataStore: stored 'persons' with 50000 records
2026-07-26 18:01:15.285 | INFO     | engines.base_engine:put:109 - DataStore: stored 'households' with 12000 records
2026-07-26 18:01:15.285 | INFO     | engines.base_engine:put:109 - DataStore: stored 'family_relationships' with 44151 records
2026-07-26 18:01:15.285 | INFO     | engines.base_engine:run:222 - Engine 'population' completed: 106151 records across 3 tables in 30.15s
2026-07-26 18:01:15.285 | INFO     | orchestrator:run_all:171 - ────────────────────────────────────────
2026-07-26 18:01:15.285 | INFO     | orchestrator:run_all:172 - Running engine: media
2026-07-26 18:01:15.286 | INFO     | engines.base_engine:run:195 - Engine 'media' starting...
2026-07-26 18:01:15.286 | INFO     | engines.media_engine:generate:105 - Starting Media Asset Generation Engine...
2026-07-26 18:01:15.289 | INFO     | engines.media_engine:generate:143 - Generating 1500 person profile images...
2026-07-26 18:01:26.089 | INFO     | engines.media_engine:generate:151 - Generating 90 officer profile images...
2026-07-26 18:01:26.641 | INFO     | engines.media_engine:generate:160 - Generating 20 vehicle images...
2026-07-26 18:01:26.798 | INFO     | engines.media_engine:generate:166 - Generating evidence type images...
2026-07-26 18:01:26.907 | INFO     | engines.media_engine:generate:172 - Generating crime scene images...
2026-07-26 18:01:27.111 | INFO     | engines.media_engine:generate:178 - Generating CCTV frame images...
2026-07-26 18:01:27.456 | INFO     | engines.media_engine:generate:184 - Generating synthetic fingerprint images...
2026-07-26 18:01:27.595 | INFO     | engines.media_engine:generate:190 - Generating synthetic signature images...
2026-07-26 18:01:27.643 | INFO     | engines.media_engine:generate:196 - Generating district crime heatmaps...
2026-07-26 18:01:28.387 | INFO     | engines.media_engine:generate:204 - Generating PDF documents...
2026-07-26 18:01:31.810 | INFO     | engines.media_engine:generate:218 - Media engine complete: 1672 actual media files generated, 50000 metadata-only records
2026-07-26 18:01:31.813 | INFO     | engines.base_engine:put:109 - DataStore: stored 'media_assets' with 1672 records
2026-07-26 18:01:31.813 | INFO     | engines.base_engine:put:109 - DataStore: stored 'media_metadata_all' with 51672 records
2026-07-26 18:01:31.813 | INFO     | engines.base_engine:run:222 - Engine 'media' completed: 53344 records across 2 tables in 16.53s
2026-07-26 18:01:31.813 | INFO     | orchestrator:run_all:171 - ────────────────────────────────────────
2026-07-26 18:01:31.813 | INFO     | orchestrator:run_all:172 - Running engine: time
2026-07-26 18:01:31.813 | INFO     | engines.base_engine:run:195 - Engine 'time' starting...
2026-07-26 18:01:31.813 | INFO     | engines.time_engine:generate:28 - Generating temporal context data...
2026-07-26 18:01:31.847 | INFO     | engines.time_engine:generate:110 - Generated 2557 daily time context records (2020-2026)
2026-07-26 18:01:31.848 | INFO     | engines.base_engine:put:109 - DataStore: stored 'time_context' with 2557 records
2026-07-26 18:01:31.849 | INFO     | engines.base_engine:put:109 - DataStore: stored 'hourly_crime_distribution' with 24 records
2026-07-26 18:01:31.849 | INFO     | engines.base_engine:run:222 - Engine 'time' completed: 2581 records across 2 tables in 0.04s
2026-07-26 18:01:31.849 | INFO     | orchestrator:run_all:171 - ────────────────────────────────────────
2026-07-26 18:01:31.849 | INFO     | orchestrator:run_all:172 - Running engine: festival
2026-07-26 18:01:31.849 | INFO     | engines.base_engine:run:195 - Engine 'festival' starting...
2026-07-26 18:01:31.850 | INFO     | engines.festival_engine:generate:83 - Generating festival and event calendar...
2026-07-26 18:01:34.517 | INFO     | engines.festival_engine:generate:143 - Generated 3121 festival/event entries
2026-07-26 18:01:34.518 | INFO     | engines.base_engine:put:109 - DataStore: stored 'festival_calendar' with 3121 records
2026-07-26 18:01:34.518 | INFO     | engines.base_engine:run:222 - Engine 'festival' completed: 3121 records across 1 tables in 2.67s
2026-07-26 18:01:34.519 | INFO     | orchestrator:run_all:171 - ────────────────────────────────────────
2026-07-26 18:01:34.519 | INFO     | orchestrator:run_all:172 - Running engine: weather
2026-07-26 18:01:34.519 | INFO     | engines.base_engine:run:195 - Engine 'weather' starting...
2026-07-26 18:01:34.519 | INFO     | engines.weather_engine:generate:51 - Generating weather data...
2026-07-26 18:01:37.455 | INFO     | engines.weather_engine:generate:147 - Generated 79267 weather records across 31 districts
2026-07-26 18:01:37.473 | INFO     | engines.base_engine:put:109 - DataStore: stored 'weather_records' with 79267 records
2026-07-26 18:01:37.473 | INFO     | engines.base_engine:run:222 - Engine 'weather' completed: 79267 records across 1 tables in 2.95s
2026-07-26 18:01:37.474 | INFO     | orchestrator:run_all:171 - ────────────────────────────────────────
2026-07-26 18:01:37.474 | INFO     | orchestrator:run_all:172 - Running engine: scenario
2026-07-26 18:01:37.474 | INFO     | engines.base_engine:run:195 - Engine 'scenario' starting...
2026-07-26 18:01:37.474 | INFO     | engines.scenario_engine:generate:158 - Running scenario simulation engine...
2026-07-26 18:09:08.737 | INFO     | engines.scenario_engine:generate:287 - Scenario engine: 34665 active scenarios, 186419 probability modifiers generated
2026-07-26 18:09:08.772 | INFO     | engines.base_engine:put:109 - DataStore: stored 'active_scenarios' with 34665 records
2026-07-26 18:09:08.772 | INFO     | engines.base_engine:put:109 - DataStore: stored 'probability_modifiers' with 186419 records
2026-07-26 18:09:08.772 | INFO     | engines.base_engine:run:222 - Engine 'scenario' completed: 221084 records across 2 tables in 451.30s
2026-07-26 18:09:08.772 | INFO     | orchestrator:run_all:171 - ────────────────────────────────────────
2026-07-26 18:09:08.772 | INFO     | orchestrator:run_all:172 - Running engine: crime
2026-07-26 18:09:08.772 | INFO     | engines.base_engine:run:195 - Engine 'crime' starting...
2026-07-26 18:09:08.773 | INFO     | engines.crime_engine.engine:generate:32 - Generating event-based crimes...
2026-07-26 18:09:08.809 | INFO     | engines.crime_engine.engine:generate:73 - Distributing 1000 cases over 2557 days...
2026-07-26 18:09:38.495 | INFO     | engines.crime_engine.engine:generate:306 - Generated 1000 cases, 1983 accused, 975 victims.
2026-07-26 18:09:38.521 | INFO     | engines.base_engine:put:109 - DataStore: stored 'cases' with 1000 records
2026-07-26 18:09:38.521 | INFO     | engines.base_engine:put:109 - DataStore: stored 'case_acts' with 1892 records
2026-07-26 18:09:38.521 | INFO     | engines.base_engine:put:109 - DataStore: stored 'case_sections' with 1282 records
2026-07-26 18:09:38.522 | INFO     | engines.base_engine:put:109 - DataStore: stored 'crime_events' with 1000 records
2026-07-26 18:09:38.522 | INFO     | engines.base_engine:put:109 - DataStore: stored 'victims' with 975 records
2026-07-26 18:09:38.522 | INFO     | engines.base_engine:put:109 - DataStore: stored 'accused_records' with 1983 records
2026-07-26 18:09:38.522 | INFO     | engines.base_engine:put:109 - DataStore: stored 'complainants' with 1000 records
2026-07-26 18:09:38.522 | INFO     | engines.base_engine:run:222 - Engine 'crime' completed: 9132 records across 7 tables in 29.75s
2026-07-26 18:09:38.522 | INFO     | orchestrator:run_all:171 - ────────────────────────────────────────
2026-07-26 18:09:38.522 | INFO     | orchestrator:run_all:172 - Running engine: behaviour
2026-07-26 18:09:38.522 | INFO     | engines.base_engine:run:195 - Engine 'behaviour' starting...
2026-07-26 18:09:38.522 | INFO     | engines.behaviour_engine.engine:generate:85 - Generating Modus Operandi and Psychological Profiles...
2026-07-26 18:09:38.903 | INFO     | engines.behaviour_engine.engine:generate:148 - Generated 988 M.O. profiles.
2026-07-26 18:09:38.908 | INFO     | engines.base_engine:put:109 - DataStore: stored 'modus_operandi' with 988 records
2026-07-26 18:09:38.908 | INFO     | engines.base_engine:put:109 - DataStore: stored 'accused_records' with 1983 records
2026-07-26 18:09:38.908 | INFO     | engines.base_engine:run:222 - Engine 'behaviour' completed: 2971 records across 2 tables in 0.39s
2026-07-26 18:09:38.909 | INFO     | orchestrator:run_all:171 - ────────────────────────────────────────
2026-07-26 18:09:38.909 | INFO     | orchestrator:run_all:172 - Running engine: evidence
2026-07-26 18:09:38.909 | INFO     | engines.base_engine:run:195 - Engine 'evidence' starting...
2026-07-26 18:09:38.909 | INFO     | engines.evidence_engine.engine:generate:27 - Generating Evidence and Forensics...
2026-07-26 18:09:40.104 | INFO     | engines.evidence_engine.engine:generate:96 - Generated 594 evidence items and 29 FSL reports.
2026-07-26 18:09:40.109 | INFO     | engines.base_engine:put:109 - DataStore: stored 'evidence' with 594 records
2026-07-26 18:09:40.109 | INFO     | engines.base_engine:put:109 - DataStore: stored 'forensics' with 29 records
2026-07-26 18:09:40.109 | INFO     | engines.base_engine:run:222 - Engine 'evidence' completed: 623 records across 2 tables in 1.20s
2026-07-26 18:09:40.109 | INFO     | orchestrator:run_all:171 - ────────────────────────────────────────
2026-07-26 18:09:40.109 | INFO     | orchestrator:run_all:172 - Running engine: gang
2026-07-26 18:09:40.109 | INFO     | engines.base_engine:run:195 - Engine 'gang' starting...
2026-07-26 18:09:40.109 | INFO     | engines.gang_engine.engine:generate:37 - Generating Organized Crime Syndicates...
2026-07-26 18:09:40.142 | INFO     | engines.gang_engine.engine:generate:100 - Generated 11 organized crime gangs.
2026-07-26 18:09:40.144 | INFO     | engines.base_engine:put:109 - DataStore: stored 'gangs' with 11 records
2026-07-26 18:09:40.144 | INFO     | engines.base_engine:put:109 - DataStore: stored 'accused_records' with 1983 records
2026-07-26 18:09:40.144 | INFO     | engines.base_engine:run:222 - Engine 'gang' completed: 1994 records across 2 tables in 0.03s
2026-07-26 18:09:40.144 | INFO     | orchestrator:run_all:171 - ────────────────────────────────────────
2026-07-26 18:09:40.144 | INFO     | orchestrator:run_all:172 - Running engine: communication
2026-07-26 18:09:40.145 | INFO     | engines.base_engine:run:195 - Engine 'communication' starting...
2026-07-26 18:09:40.145 | INFO     | engines.communication_engine.engine:generate:27 - Generating Communication Networks (CDRs)...
2026-07-26 18:09:41.202 | INFO     | engines.communication_engine.engine:generate:129 - Generated 1941 devices and 4199 CDR records for link analysis.
2026-07-26 18:09:41.219 | INFO     | engines.base_engine:put:109 - DataStore: stored 'devices' with 1941 records
2026-07-26 18:09:41.219 | INFO     | engines.base_engine:put:109 - DataStore: stored 'call_detail_records' with 4199 records
2026-07-26 18:09:41.219 | INFO     | engines.base_engine:run:222 - Engine 'communication' completed: 6140 records across 2 tables in 1.07s
2026-07-26 18:09:41.219 | INFO     | orchestrator:run_all:171 - ────────────────────────────────────────
2026-07-26 18:09:41.219 | INFO     | orchestrator:run_all:172 - Running engine: financial
2026-07-26 18:09:41.220 | INFO     | engines.base_engine:run:195 - Engine 'financial' starting...
2026-07-26 18:09:41.220 | INFO     | engines.financial_engine.engine:generate:27 - Generating Bank Accounts and Financial Transactions...
2026-07-26 18:09:41.484 | INFO     | engines.financial_engine.engine:generate:151 - Generated 2855 bank accounts and 132 financial transactions.
2026-07-26 18:09:41.492 | INFO     | engines.base_engine:put:109 - DataStore: stored 'bank_accounts' with 2855 records
2026-07-26 18:09:41.492 | INFO     | engines.base_engine:put:109 - DataStore: stored 'financial_transactions' with 132 records
2026-07-26 18:09:41.493 | INFO     | engines.base_engine:run:222 - Engine 'financial' completed: 2987 records across 2 tables in 0.27s
2026-07-26 18:09:41.493 | INFO     | orchestrator:run_all:171 - ────────────────────────────────────────
2026-07-26 18:09:41.493 | INFO     | orchestrator:run_all:172 - Running engine: investigation
2026-07-26 18:09:41.493 | INFO     | engines.base_engine:run:195 - Engine 'investigation' starting...
2026-07-26 18:09:41.493 | INFO     | engines.investigation_engine.engine:generate:30 - Generating 13-step Investigation Lifecycles...
2026-07-26 18:09:41.975 | INFO     | engines.investigation_engine.engine:generate:174 - Generated 5090 investigation diaries, 162 chargesheets and 570 court proceedings.
2026-07-26 18:09:41.997 | INFO     | engines.base_engine:put:109 - DataStore: stored 'cases' with 1000 records
2026-07-26 18:09:41.998 | INFO     | engines.base_engine:put:109 - DataStore: stored 'crime_events' with 6090 records
2026-07-26 18:09:41.998 | INFO     | engines.base_engine:put:109 - DataStore: stored 'investigation_diaries' with 5090 records
2026-07-26 18:09:41.998 | INFO     | engines.base_engine:put:109 - DataStore: stored 'chargesheet_details' with 162 records
2026-07-26 18:09:41.998 | INFO     | engines.base_engine:put:109 - DataStore: stored 'court_proceedings' with 570 records
2026-07-26 18:09:41.998 | INFO     | engines.base_engine:run:222 - Engine 'investigation' completed: 12912 records across 5 tables in 0.51s
2026-07-26 18:09:41.998 | INFO     | orchestrator:run_all:171 - ────────────────────────────────────────
2026-07-26 18:09:41.999 | INFO     | orchestrator:run_all:172 - Running engine: narrative
2026-07-26 18:09:41.999 | INFO     | engines.base_engine:run:195 - Engine 'narrative' starting...
2026-07-26 18:09:41.999 | INFO     | engines.narrative_engine.engine:generate:27 - Generating Consistent Narratives (Complaints, FIR Texts, Statements)...
2026-07-26 18:09:42.146 | INFO     | engines.narrative_engine.engine:generate:94 - Generated 2496 narrative documents.
2026-07-26 18:09:42.152 | INFO     | engines.base_engine:put:109 - DataStore: stored 'narrative_documents' with 2496 records
2026-07-26 18:09:42.153 | INFO     | engines.base_engine:run:222 - Engine 'narrative' completed: 2496 records across 1 tables in 0.15s
2026-07-26 18:09:42.153 | INFO     | orchestrator:run_all:171 - ────────────────────────────────────────
2026-07-26 18:09:42.153 | INFO     | orchestrator:run_all:172 - Running engine: export
2026-07-26 18:09:42.153 | INFO     | engines.base_engine:run:195 - Engine 'export' starting...
2026-07-26 18:09:42.153 | INFO     | engines.export_engine.engine:generate:30 - Starting Data Export (JSON/CSV) for Data Products...
2026-07-26 18:09:42.153 | ERROR    | engines.base_engine:run:229 - Engine 'export' FAILED: 'PlatformConfig' object has no attribute 'output_dir'
2026-07-26 18:09:42.154 | ERROR    | orchestrator:run_all:178 - Engine 'export' FAILED: 'PlatformConfig' object has no attribute 'output_dir'
2026-07-26 18:09:42.155 | INFO     | orchestrator:_save_report:264 - Generation report saved to: output\reports\generation_report.json
2026-07-26 18:09:42.156 | INFO     | orchestrator:_save_report:267 - 
2026-07-26 18:09:42.156 | INFO     | orchestrator:_save_report:268 - ============================================================
2026-07-26 18:09:42.156 | INFO     | orchestrator:_save_report:269 - GENERATION REPORT SUMMARY
2026-07-26 18:09:42.156 | INFO     | orchestrator:_save_report:270 - ============================================================
2026-07-26 18:09:42.156 | INFO     | orchestrator:_save_report:271 - Status: PARTIAL_FAILURE
2026-07-26 18:09:42.156 | INFO     | orchestrator:_save_report:272 - Duration: 538.45s
2026-07-26 18:09:42.156 | INFO     | orchestrator:_save_report:273 - Records: 512793
2026-07-26 18:09:42.157 | INFO     | orchestrator:_save_report:274 - Tables: 54
2026-07-26 18:09:42.157 | INFO     | orchestrator:_save_report:275 - Succeeded: 16
2026-07-26 18:09:42.157 | INFO     | orchestrator:_save_report:276 - Failed: 1
2026-07-26 18:09:42.157 | INFO     | orchestrator:_save_report:277 - Skipped: 0
2026-07-26 18:09:42.157 | INFO     | orchestrator:_save_report:278 - 
2026-07-26 18:09:42.157 | INFO     | orchestrator:_save_report:281 - DataStore Contents:
2026-07-26 18:09:42.157 | INFO     | orchestrator:_save_report:283 -   states: 1 records
2026-07-26 18:09:42.157 | INFO     | orchestrator:_save_report:283 -   districts: 31 records
2026-07-26 18:09:42.158 | INFO     | orchestrator:_save_report:283 -   taluks: 111 records
2026-07-26 18:09:42.158 | INFO     | orchestrator:_save_report:283 -   unit_types: 8 records
2026-07-26 18:09:42.158 | INFO     | orchestrator:_save_report:283 -   police_stations: 1376 records
2026-07-26 18:09:42.158 | INFO     | orchestrator:_save_report:283 -   courts: 238 records
2026-07-26 18:09:42.158 | INFO     | orchestrator:_save_report:283 -   ranks: 13 records
2026-07-26 18:09:42.158 | INFO     | orchestrator:_save_report:283 -   designations: 10 records
2026-07-26 18:09:42.158 | INFO     | orchestrator:_save_report:283 -   occupations: 30 records
2026-07-26 18:09:42.159 | INFO     | orchestrator:_save_report:283 -   religions: 7 records
2026-07-26 18:09:42.159 | INFO     | orchestrator:_save_report:283 -   castes: 20 records
2026-07-26 18:09:42.159 | INFO     | orchestrator:_save_report:283 -   case_categories: 4 records
2026-07-26 18:09:42.159 | INFO     | orchestrator:_save_report:283 -   case_statuses: 12 records
2026-07-26 18:09:42.159 | INFO     | orchestrator:_save_report:283 -   gravity_offences: 3 records
2026-07-26 18:09:42.159 | INFO     | orchestrator:_save_report:283 -   crime_heads: 30 records
2026-07-26 18:09:42.159 | INFO     | orchestrator:_save_report:283 -   crime_sub_heads: 46 records
2026-07-26 18:09:42.160 | INFO     | orchestrator:_save_report:283 -   acts: 17 records
2026-07-26 18:09:42.160 | INFO     | orchestrator:_save_report:283 -   sections: 33 records
2026-07-26 18:09:42.160 | INFO     | orchestrator:_save_report:283 -   employees: 3000 records
2026-07-26 18:09:42.160 | INFO     | orchestrator:_save_report:283 -   postings: 3000 records
2026-07-26 18:09:42.160 | INFO     | orchestrator:_save_report:283 -   persons: 50000 records
2026-07-26 18:09:42.160 | INFO     | orchestrator:_save_report:283 -   households: 12000 records
2026-07-26 18:09:42.161 | INFO     | orchestrator:_save_report:283 -   family_relationships: 44151 records
2026-07-26 18:09:42.161 | INFO     | orchestrator:_save_report:283 -   media_assets: 1672 records
2026-07-26 18:09:42.161 | INFO     | orchestrator:_save_report:283 -   media_metadata_all: 51672 records
2026-07-26 18:09:42.161 | INFO     | orchestrator:_save_report:283 -   time_context: 2557 records
2026-07-26 18:09:42.161 | INFO     | orchestrator:_save_report:283 -   hourly_crime_distribution: 24 records
2026-07-26 18:09:42.161 | INFO     | orchestrator:_save_report:283 -   festival_calendar: 3121 records
2026-07-26 18:09:42.161 | INFO     | orchestrator:_save_report:283 -   weather_records: 79267 records
2026-07-26 18:09:42.161 | INFO     | orchestrator:_save_report:283 -   active_scenarios: 34665 records
2026-07-26 18:09:42.161 | INFO     | orchestrator:_save_report:283 -   probability_modifiers: 186419 records
2026-07-26 18:09:42.162 | INFO     | orchestrator:_save_report:283 -   cases: 1000 records
2026-07-26 18:09:42.162 | INFO     | orchestrator:_save_report:283 -   case_acts: 1892 records
2026-07-26 18:09:42.162 | INFO     | orchestrator:_save_report:283 -   case_sections: 1282 records
2026-07-26 18:09:42.162 | INFO     | orchestrator:_save_report:283 -   crime_events: 6090 records
2026-07-26 18:09:42.162 | INFO     | orchestrator:_save_report:283 -   victims: 975 records
2026-07-26 18:09:42.162 | INFO     | orchestrator:_save_report:283 -   accused_records: 1983 records
2026-07-26 18:09:42.162 | INFO     | orchestrator:_save_report:283 -   complainants: 1000 records
2026-07-26 18:09:42.162 | INFO     | orchestrator:_save_report:283 -   modus_operandi: 988 records
2026-07-26 18:09:42.163 | INFO     | orchestrator:_save_report:283 -   evidence: 594 records
2026-07-26 18:09:42.163 | INFO     | orchestrator:_save_report:283 -   forensics: 29 records
2026-07-26 18:09:42.163 | INFO     | orchestrator:_save_report:283 -   gangs: 11 records
2026-07-26 18:09:42.163 | INFO     | orchestrator:_save_report:283 -   devices: 1941 records
2026-07-26 18:09:42.163 | INFO     | orchestrator:_save_report:283 -   call_detail_records: 4199 records
2026-07-26 18:09:42.163 | INFO     | orchestrator:_save_report:283 -   bank_accounts: 2855 records
2026-07-26 18:09:42.163 | INFO     | orchestrator:_save_report:283 -   financial_transactions: 132 records
2026-07-26 18:09:42.163 | INFO     | orchestrator:_save_report:283 -   investigation_diaries: 5090 records
2026-07-26 18:09:42.164 | INFO     | orchestrator:_save_report:283 -   chargesheet_details: 162 records
2026-07-26 18:09:42.164 | INFO     | orchestrator:_save_report:283 -   court_proceedings: 570 records
2026-07-26 18:09:42.164 | INFO     | orchestrator:_save_report:283 -   narrative_documents: 2496 records
2026-07-26 18:09:42.164 | INFO     | orchestrator:_save_report:283 -   knowledge_graph_edges: 17956 records
2026-07-26 18:09:42.164 | INFO     | orchestrator:_save_report:284 - ============================================================
2026-07-26 18:10:18.342 | INFO     | __main__:generate_all:65 - Starting full pipeline execution...
2026-07-26 18:10:19.506 | INFO     | orchestrator:__init__:52 - Orchestrator initialized with 17 engines
2026-07-26 18:10:19.507 | INFO     | orchestrator:__init__:53 - Execution order: master → police → population → media → time → festival → weather → scenario → crime → behaviour → evidence → gang → communication → financial → investigation → narrative → export
2026-07-26 18:10:19.507 | INFO     | orchestrator:run_all:146 - ============================================================
2026-07-26 18:10:19.507 | INFO     | orchestrator:run_all:147 - CRIME SIMULATION LABORATORY — FULL PIPELINE EXECUTION
2026-07-26 18:10:19.507 | INFO     | orchestrator:run_all:148 - ============================================================
2026-07-26 18:10:19.508 | INFO     | orchestrator:run_all:149 - Seed: 42
2026-07-26 18:10:19.508 | INFO     | orchestrator:run_all:150 - Scale: 1000 cases, 50000 population
2026-07-26 18:10:19.508 | INFO     | orchestrator:run_all:151 - Years: 2020 - 2026
2026-07-26 18:10:19.508 | INFO     | orchestrator:run_all:152 - 
2026-07-26 18:10:19.508 | INFO     | orchestrator:run_all:171 - ────────────────────────────────────────
2026-07-26 18:10:19.508 | INFO     | orchestrator:run_all:172 - Running engine: master
2026-07-26 18:10:19.508 | INFO     | engines.base_engine:run:195 - Engine 'master' starting...
2026-07-26 18:10:19.508 | INFO     | engines.master_engine.engine:generate:43 - Generating master lookup tables...
2026-07-26 18:10:19.683 | INFO     | engines.master_engine.engine:_generate_police_stations:265 - Generated 1376 police stations
2026-07-26 18:10:19.713 | INFO     | engines.master_engine.engine:_generate_courts:341 - Generated 238 courts
2026-07-26 18:10:19.805 | INFO     | engines.master_engine.engine:generate:103 - Master generation complete: 18 tables, 1990 total records
2026-07-26 18:10:19.805 | INFO     | engines.base_engine:put:109 - DataStore: stored 'states' with 1 records
2026-07-26 18:10:19.806 | INFO     | engines.base_engine:put:109 - DataStore: stored 'districts' with 31 records
2026-07-26 18:10:19.806 | INFO     | engines.base_engine:put:109 - DataStore: stored 'taluks' with 111 records
2026-07-26 18:10:19.806 | INFO     | engines.base_engine:put:109 - DataStore: stored 'unit_types' with 8 records
2026-07-26 18:10:19.806 | INFO     | engines.base_engine:put:109 - DataStore: stored 'police_stations' with 1376 records
2026-07-26 18:10:19.806 | INFO     | engines.base_engine:put:109 - DataStore: stored 'courts' with 238 records
2026-07-26 18:10:19.806 | INFO     | engines.base_engine:put:109 - DataStore: stored 'ranks' with 13 records
2026-07-26 18:10:19.806 | INFO     | engines.base_engine:put:109 - DataStore: stored 'designations' with 10 records
2026-07-26 18:10:19.806 | INFO     | engines.base_engine:put:109 - DataStore: stored 'occupations' with 30 records
2026-07-26 18:10:19.806 | INFO     | engines.base_engine:put:109 - DataStore: stored 'religions' with 7 records
2026-07-26 18:10:19.806 | INFO     | engines.base_engine:put:109 - DataStore: stored 'castes' with 20 records
2026-07-26 18:10:19.806 | INFO     | engines.base_engine:put:109 - DataStore: stored 'case_categories' with 4 records
2026-07-26 18:10:19.806 | INFO     | engines.base_engine:put:109 - DataStore: stored 'case_statuses' with 12 records
2026-07-26 18:10:19.806 | INFO     | engines.base_engine:put:109 - DataStore: stored 'gravity_offences' with 3 records
2026-07-26 18:10:19.806 | INFO     | engines.base_engine:put:109 - DataStore: stored 'crime_heads' with 30 records
2026-07-26 18:10:19.807 | INFO     | engines.base_engine:put:109 - DataStore: stored 'crime_sub_heads' with 46 records
2026-07-26 18:10:19.807 | INFO     | engines.base_engine:put:109 - DataStore: stored 'acts' with 17 records
2026-07-26 18:10:19.807 | INFO     | engines.base_engine:put:109 - DataStore: stored 'sections' with 33 records
2026-07-26 18:10:19.807 | INFO     | engines.base_engine:run:222 - Engine 'master' completed: 1990 records across 18 tables in 0.30s
2026-07-26 18:10:19.807 | INFO     | orchestrator:run_all:171 - ────────────────────────────────────────
2026-07-26 18:10:19.807 | INFO     | orchestrator:run_all:172 - Running engine: police
2026-07-26 18:10:19.807 | INFO     | engines.base_engine:run:195 - Engine 'police' starting...
2026-07-26 18:10:19.808 | INFO     | engines.police_engine:generate:27 - Generating police personnel...
2026-07-26 18:10:20.802 | INFO     | engines.police_engine:generate:163 - Generated 3000 employees with 3000 postings
2026-07-26 18:10:20.805 | INFO     | engines.base_engine:put:109 - DataStore: stored 'employees' with 3000 records
2026-07-26 18:10:20.805 | INFO     | engines.base_engine:put:109 - DataStore: stored 'postings' with 3000 records
2026-07-26 18:10:20.805 | INFO     | engines.base_engine:run:222 - Engine 'police' completed: 6000 records across 2 tables in 1.00s
2026-07-26 18:10:20.805 | INFO     | orchestrator:run_all:171 - ────────────────────────────────────────
2026-07-26 18:10:20.806 | INFO     | orchestrator:run_all:172 - Running engine: population
2026-07-26 18:10:20.806 | INFO     | engines.base_engine:run:195 - Engine 'population' starting...
2026-07-26 18:10:20.806 | INFO     | engines.population_engine.engine:generate:40 - Generating synthetic population...
2026-07-26 18:10:51.638 | INFO     | engines.population_engine.engine:generate:77 - Generated 50000 persons in 12000 households with 44151 family relationships
2026-07-26 18:10:51.639 | INFO     | engines.base_engine:put:109 - DataStore: stored 'persons' with 50000 records
2026-07-26 18:10:51.639 | INFO     | engines.base_engine:put:109 - DataStore: stored 'households' with 12000 records
2026-07-26 18:10:51.639 | INFO     | engines.base_engine:put:109 - DataStore: stored 'family_relationships' with 44151 records
2026-07-26 18:10:51.639 | INFO     | engines.base_engine:run:222 - Engine 'population' completed: 106151 records across 3 tables in 30.83s
2026-07-26 18:10:51.639 | INFO     | orchestrator:run_all:171 - ────────────────────────────────────────
2026-07-26 18:10:51.639 | INFO     | orchestrator:run_all:172 - Running engine: media
2026-07-26 18:10:51.639 | INFO     | engines.base_engine:run:195 - Engine 'media' starting...
2026-07-26 18:10:51.639 | INFO     | engines.media_engine:generate:105 - Starting Media Asset Generation Engine...
2026-07-26 18:10:51.642 | INFO     | engines.media_engine:generate:143 - Generating 1500 person profile images...
2026-07-26 18:11:02.608 | INFO     | engines.media_engine:generate:151 - Generating 90 officer profile images...
2026-07-26 18:11:03.248 | INFO     | engines.media_engine:generate:160 - Generating 20 vehicle images...
2026-07-26 18:11:03.392 | INFO     | engines.media_engine:generate:166 - Generating evidence type images...
2026-07-26 18:11:03.505 | INFO     | engines.media_engine:generate:172 - Generating crime scene images...
2026-07-26 18:11:03.724 | INFO     | engines.media_engine:generate:178 - Generating CCTV frame images...
2026-07-26 18:11:04.077 | INFO     | engines.media_engine:generate:184 - Generating synthetic fingerprint images...
2026-07-26 18:11:04.282 | INFO     | engines.media_engine:generate:190 - Generating synthetic signature images...
2026-07-26 18:11:04.350 | INFO     | engines.media_engine:generate:196 - Generating district crime heatmaps...
2026-07-26 18:11:04.961 | INFO     | engines.media_engine:generate:204 - Generating PDF documents...
2026-07-26 18:11:08.510 | INFO     | engines.media_engine:generate:218 - Media engine complete: 1672 actual media files generated, 50000 metadata-only records
2026-07-26 18:11:08.513 | INFO     | engines.base_engine:put:109 - DataStore: stored 'media_assets' with 1672 records
2026-07-26 18:11:08.514 | INFO     | engines.base_engine:put:109 - DataStore: stored 'media_metadata_all' with 51672 records
2026-07-26 18:11:08.514 | INFO     | engines.base_engine:run:222 - Engine 'media' completed: 53344 records across 2 tables in 16.87s
2026-07-26 18:11:08.514 | INFO     | orchestrator:run_all:171 - ────────────────────────────────────────
2026-07-26 18:11:08.514 | INFO     | orchestrator:run_all:172 - Running engine: time
2026-07-26 18:11:08.514 | INFO     | engines.base_engine:run:195 - Engine 'time' starting...
2026-07-26 18:11:08.514 | INFO     | engines.time_engine:generate:28 - Generating temporal context data...
2026-07-26 18:11:08.540 | INFO     | engines.time_engine:generate:110 - Generated 2557 daily time context records (2020-2026)
2026-07-26 18:11:08.542 | INFO     | engines.base_engine:put:109 - DataStore: stored 'time_context' with 2557 records
2026-07-26 18:11:08.542 | INFO     | engines.base_engine:put:109 - DataStore: stored 'hourly_crime_distribution' with 24 records
2026-07-26 18:11:08.542 | INFO     | engines.base_engine:run:222 - Engine 'time' completed: 2581 records across 2 tables in 0.03s
2026-07-26 18:11:08.542 | INFO     | orchestrator:run_all:171 - ────────────────────────────────────────
2026-07-26 18:11:08.542 | INFO     | orchestrator:run_all:172 - Running engine: festival
2026-07-26 18:11:08.542 | INFO     | engines.base_engine:run:195 - Engine 'festival' starting...
2026-07-26 18:11:08.543 | INFO     | engines.festival_engine:generate:83 - Generating festival and event calendar...
2026-07-26 18:11:11.198 | INFO     | engines.festival_engine:generate:143 - Generated 3121 festival/event entries
2026-07-26 18:11:11.199 | INFO     | engines.base_engine:put:109 - DataStore: stored 'festival_calendar' with 3121 records
2026-07-26 18:11:11.199 | INFO     | engines.base_engine:run:222 - Engine 'festival' completed: 3121 records across 1 tables in 2.66s
2026-07-26 18:11:11.199 | INFO     | orchestrator:run_all:171 - ────────────────────────────────────────
2026-07-26 18:11:11.199 | INFO     | orchestrator:run_all:172 - Running engine: weather
2026-07-26 18:11:11.199 | INFO     | engines.base_engine:run:195 - Engine 'weather' starting...
2026-07-26 18:11:11.199 | INFO     | engines.weather_engine:generate:51 - Generating weather data...
2026-07-26 18:11:14.087 | INFO     | engines.weather_engine:generate:147 - Generated 79267 weather records across 31 districts
2026-07-26 18:11:14.122 | INFO     | engines.base_engine:put:109 - DataStore: stored 'weather_records' with 79267 records
2026-07-26 18:11:14.122 | INFO     | engines.base_engine:run:222 - Engine 'weather' completed: 79267 records across 1 tables in 2.92s
2026-07-26 18:11:14.123 | INFO     | orchestrator:run_all:171 - ────────────────────────────────────────
2026-07-26 18:11:14.123 | INFO     | orchestrator:run_all:172 - Running engine: scenario
2026-07-26 18:11:14.123 | INFO     | engines.base_engine:run:195 - Engine 'scenario' starting...
2026-07-26 18:11:14.124 | INFO     | engines.scenario_engine:generate:158 - Running scenario simulation engine...
2026-07-26 18:18:40.945 | INFO     | engines.scenario_engine:generate:287 - Scenario engine: 34665 active scenarios, 186419 probability modifiers generated
2026-07-26 18:18:40.984 | INFO     | engines.base_engine:put:109 - DataStore: stored 'active_scenarios' with 34665 records
2026-07-26 18:18:40.984 | INFO     | engines.base_engine:put:109 - DataStore: stored 'probability_modifiers' with 186419 records
2026-07-26 18:18:40.984 | INFO     | engines.base_engine:run:222 - Engine 'scenario' completed: 221084 records across 2 tables in 446.86s
2026-07-26 18:18:40.984 | INFO     | orchestrator:run_all:171 - ────────────────────────────────────────
2026-07-26 18:18:40.984 | INFO     | orchestrator:run_all:172 - Running engine: crime
2026-07-26 18:18:40.984 | INFO     | engines.base_engine:run:195 - Engine 'crime' starting...
2026-07-26 18:18:40.984 | INFO     | engines.crime_engine.engine:generate:32 - Generating event-based crimes...
2026-07-26 18:18:41.029 | INFO     | engines.crime_engine.engine:generate:73 - Distributing 1000 cases over 2557 days...
2026-07-26 18:19:10.999 | INFO     | engines.crime_engine.engine:generate:306 - Generated 1000 cases, 1983 accused, 975 victims.
2026-07-26 18:19:11.035 | INFO     | engines.base_engine:put:109 - DataStore: stored 'cases' with 1000 records
2026-07-26 18:19:11.035 | INFO     | engines.base_engine:put:109 - DataStore: stored 'case_acts' with 1892 records
2026-07-26 18:19:11.035 | INFO     | engines.base_engine:put:109 - DataStore: stored 'case_sections' with 1282 records
2026-07-26 18:19:11.035 | INFO     | engines.base_engine:put:109 - DataStore: stored 'crime_events' with 1000 records
2026-07-26 18:19:11.035 | INFO     | engines.base_engine:put:109 - DataStore: stored 'victims' with 975 records
2026-07-26 18:19:11.035 | INFO     | engines.base_engine:put:109 - DataStore: stored 'accused_records' with 1983 records
2026-07-26 18:19:11.035 | INFO     | engines.base_engine:put:109 - DataStore: stored 'complainants' with 1000 records
2026-07-26 18:19:11.036 | INFO     | engines.base_engine:run:222 - Engine 'crime' completed: 9132 records across 7 tables in 30.05s
2026-07-26 18:19:11.036 | INFO     | orchestrator:run_all:171 - ────────────────────────────────────────
2026-07-26 18:19:11.036 | INFO     | orchestrator:run_all:172 - Running engine: behaviour
2026-07-26 18:19:11.036 | INFO     | engines.base_engine:run:195 - Engine 'behaviour' starting...
2026-07-26 18:19:11.036 | INFO     | engines.behaviour_engine.engine:generate:85 - Generating Modus Operandi and Psychological Profiles...
2026-07-26 18:19:11.428 | INFO     | engines.behaviour_engine.engine:generate:148 - Generated 988 M.O. profiles.
2026-07-26 18:19:11.433 | INFO     | engines.base_engine:put:109 - DataStore: stored 'modus_operandi' with 988 records
2026-07-26 18:19:11.433 | INFO     | engines.base_engine:put:109 - DataStore: stored 'accused_records' with 1983 records
2026-07-26 18:19:11.433 | INFO     | engines.base_engine:run:222 - Engine 'behaviour' completed: 2971 records across 2 tables in 0.40s
2026-07-26 18:19:11.433 | INFO     | orchestrator:run_all:171 - ────────────────────────────────────────
2026-07-26 18:19:11.433 | INFO     | orchestrator:run_all:172 - Running engine: evidence
2026-07-26 18:19:11.433 | INFO     | engines.base_engine:run:195 - Engine 'evidence' starting...
2026-07-26 18:19:11.434 | INFO     | engines.evidence_engine.engine:generate:27 - Generating Evidence and Forensics...
2026-07-26 18:19:12.413 | INFO     | engines.evidence_engine.engine:generate:96 - Generated 594 evidence items and 29 FSL reports.
2026-07-26 18:19:12.418 | INFO     | engines.base_engine:put:109 - DataStore: stored 'evidence' with 594 records
2026-07-26 18:19:12.418 | INFO     | engines.base_engine:put:109 - DataStore: stored 'forensics' with 29 records
2026-07-26 18:19:12.418 | INFO     | engines.base_engine:run:222 - Engine 'evidence' completed: 623 records across 2 tables in 0.98s
2026-07-26 18:19:12.418 | INFO     | orchestrator:run_all:171 - ────────────────────────────────────────
2026-07-26 18:19:12.418 | INFO     | orchestrator:run_all:172 - Running engine: gang
2026-07-26 18:19:12.418 | INFO     | engines.base_engine:run:195 - Engine 'gang' starting...
2026-07-26 18:19:12.418 | INFO     | engines.gang_engine.engine:generate:37 - Generating Organized Crime Syndicates...
2026-07-26 18:19:12.452 | INFO     | engines.gang_engine.engine:generate:100 - Generated 11 organized crime gangs.
2026-07-26 18:19:12.453 | INFO     | engines.base_engine:put:109 - DataStore: stored 'gangs' with 11 records
2026-07-26 18:19:12.453 | INFO     | engines.base_engine:put:109 - DataStore: stored 'accused_records' with 1983 records
2026-07-26 18:19:12.453 | INFO     | engines.base_engine:run:222 - Engine 'gang' completed: 1994 records across 2 tables in 0.03s
2026-07-26 18:19:12.453 | INFO     | orchestrator:run_all:171 - ────────────────────────────────────────
2026-07-26 18:19:12.453 | INFO     | orchestrator:run_all:172 - Running engine: communication
2026-07-26 18:19:12.454 | INFO     | engines.base_engine:run:195 - Engine 'communication' starting...
2026-07-26 18:19:12.454 | INFO     | engines.communication_engine.engine:generate:27 - Generating Communication Networks (CDRs)...
2026-07-26 18:19:13.579 | INFO     | engines.communication_engine.engine:generate:129 - Generated 1939 devices and 4133 CDR records for link analysis.
2026-07-26 18:19:13.598 | INFO     | engines.base_engine:put:109 - DataStore: stored 'devices' with 1939 records
2026-07-26 18:19:13.598 | INFO     | engines.base_engine:put:109 - DataStore: stored 'call_detail_records' with 4133 records
2026-07-26 18:19:13.598 | INFO     | engines.base_engine:run:222 - Engine 'communication' completed: 6072 records across 2 tables in 1.14s
2026-07-26 18:19:13.599 | INFO     | orchestrator:run_all:171 - ────────────────────────────────────────
2026-07-26 18:19:13.599 | INFO     | orchestrator:run_all:172 - Running engine: financial
2026-07-26 18:19:13.599 | INFO     | engines.base_engine:run:195 - Engine 'financial' starting...
2026-07-26 18:19:13.599 | INFO     | engines.financial_engine.engine:generate:27 - Generating Bank Accounts and Financial Transactions...
2026-07-26 18:19:13.877 | INFO     | engines.financial_engine.engine:generate:151 - Generated 2850 bank accounts and 145 financial transactions.
2026-07-26 18:19:13.889 | INFO     | engines.base_engine:put:109 - DataStore: stored 'bank_accounts' with 2850 records
2026-07-26 18:19:13.889 | INFO     | engines.base_engine:put:109 - DataStore: stored 'financial_transactions' with 145 records
2026-07-26 18:19:13.890 | INFO     | engines.base_engine:run:222 - Engine 'financial' completed: 2995 records across 2 tables in 0.29s
2026-07-26 18:19:13.890 | INFO     | orchestrator:run_all:171 - ────────────────────────────────────────
2026-07-26 18:19:13.890 | INFO     | orchestrator:run_all:172 - Running engine: investigation
2026-07-26 18:19:13.890 | INFO     | engines.base_engine:run:195 - Engine 'investigation' starting...
2026-07-26 18:19:13.890 | INFO     | engines.investigation_engine.engine:generate:30 - Generating 13-step Investigation Lifecycles...
2026-07-26 18:19:14.412 | INFO     | engines.investigation_engine.engine:generate:174 - Generated 5142 investigation diaries, 186 chargesheets and 659 court proceedings.
2026-07-26 18:19:14.433 | INFO     | engines.base_engine:put:109 - DataStore: stored 'cases' with 1000 records
2026-07-26 18:19:14.433 | INFO     | engines.base_engine:put:109 - DataStore: stored 'crime_events' with 6142 records
2026-07-26 18:19:14.434 | INFO     | engines.base_engine:put:109 - DataStore: stored 'investigation_diaries' with 5142 records
2026-07-26 18:19:14.434 | INFO     | engines.base_engine:put:109 - DataStore: stored 'chargesheet_details' with 186 records
2026-07-26 18:19:14.434 | INFO     | engines.base_engine:put:109 - DataStore: stored 'court_proceedings' with 659 records
2026-07-26 18:19:14.434 | INFO     | engines.base_engine:run:222 - Engine 'investigation' completed: 13129 records across 5 tables in 0.54s
2026-07-26 18:19:14.434 | INFO     | orchestrator:run_all:171 - ────────────────────────────────────────
2026-07-26 18:19:14.434 | INFO     | orchestrator:run_all:172 - Running engine: narrative
2026-07-26 18:19:14.434 | INFO     | engines.base_engine:run:195 - Engine 'narrative' starting...
2026-07-26 18:19:14.434 | INFO     | engines.narrative_engine.engine:generate:27 - Generating Consistent Narratives (Complaints, FIR Texts, Statements)...
2026-07-26 18:19:14.673 | INFO     | engines.narrative_engine.engine:generate:94 - Generated 2496 narrative documents.
2026-07-26 18:19:14.680 | INFO     | engines.base_engine:put:109 - DataStore: stored 'narrative_documents' with 2496 records
2026-07-26 18:19:14.680 | INFO     | engines.base_engine:run:222 - Engine 'narrative' completed: 2496 records across 1 tables in 0.25s
2026-07-26 18:19:14.680 | INFO     | orchestrator:run_all:171 - ────────────────────────────────────────
2026-07-26 18:19:14.680 | INFO     | orchestrator:run_all:172 - Running engine: export
2026-07-26 18:19:14.680 | INFO     | engines.base_engine:run:195 - Engine 'export' starting...
2026-07-26 18:19:14.681 | INFO     | engines.export_engine.engine:generate:30 - Starting Data Export (JSON/CSV) for Data Products...
2026-07-26 18:19:14.689 | INFO     | engines.export_engine.engine:generate:69 - Exported states: 1 rows
2026-07-26 18:19:14.689 | INFO     | engines.export_engine.engine:generate:71 - Exported states: 1 rows
2026-07-26 18:19:14.697 | INFO     | engines.export_engine.engine:generate:69 - Exported districts: 31 rows
2026-07-26 18:19:14.697 | INFO     | engines.export_engine.engine:generate:71 - Exported districts: 31 rows
2026-07-26 18:19:14.702 | INFO     | engines.export_engine.engine:generate:69 - Exported taluks: 111 rows
2026-07-26 18:19:14.702 | INFO     | engines.export_engine.engine:generate:71 - Exported taluks: 111 rows
2026-07-26 18:19:14.706 | INFO     | engines.export_engine.engine:generate:69 - Exported unit_types: 8 rows
2026-07-26 18:19:14.706 | INFO     | engines.export_engine.engine:generate:71 - Exported unit_types: 8 rows
2026-07-26 18:19:14.742 | INFO     | engines.export_engine.engine:generate:69 - Exported police_stations: 1376 rows
2026-07-26 18:19:14.742 | INFO     | engines.export_engine.engine:generate:71 - Exported police_stations: 1376 rows
2026-07-26 18:19:14.750 | INFO     | engines.export_engine.engine:generate:69 - Exported courts: 238 rows
2026-07-26 18:19:14.750 | INFO     | engines.export_engine.engine:generate:71 - Exported courts: 238 rows
2026-07-26 18:19:14.754 | INFO     | engines.export_engine.engine:generate:69 - Exported ranks: 13 rows
2026-07-26 18:19:14.754 | INFO     | engines.export_engine.engine:generate:71 - Exported ranks: 13 rows
2026-07-26 18:19:14.758 | INFO     | engines.export_engine.engine:generate:69 - Exported designations: 10 rows
2026-07-26 18:19:14.758 | INFO     | engines.export_engine.engine:generate:71 - Exported designations: 10 rows
2026-07-26 18:19:14.761 | INFO     | engines.export_engine.engine:generate:69 - Exported occupations: 30 rows
2026-07-26 18:19:14.762 | INFO     | engines.export_engine.engine:generate:71 - Exported occupations: 30 rows
2026-07-26 18:19:14.766 | INFO     | engines.export_engine.engine:generate:69 - Exported religions: 7 rows
2026-07-26 18:19:14.766 | INFO     | engines.export_engine.engine:generate:71 - Exported religions: 7 rows
2026-07-26 18:19:14.770 | INFO     | engines.export_engine.engine:generate:69 - Exported castes: 20 rows
2026-07-26 18:19:14.770 | INFO     | engines.export_engine.engine:generate:71 - Exported castes: 20 rows
2026-07-26 18:19:14.774 | INFO     | engines.export_engine.engine:generate:69 - Exported case_categories: 4 rows
2026-07-26 18:19:14.774 | INFO     | engines.export_engine.engine:generate:71 - Exported case_categories: 4 rows
2026-07-26 18:19:14.779 | INFO     | engines.export_engine.engine:generate:69 - Exported case_statuses: 12 rows
2026-07-26 18:19:14.780 | INFO     | engines.export_engine.engine:generate:71 - Exported case_statuses: 12 rows
2026-07-26 18:19:14.784 | INFO     | engines.export_engine.engine:generate:69 - Exported gravity_offences: 3 rows
2026-07-26 18:19:14.784 | INFO     | engines.export_engine.engine:generate:71 - Exported gravity_offences: 3 rows
2026-07-26 18:19:14.788 | INFO     | engines.export_engine.engine:generate:69 - Exported crime_heads: 30 rows
2026-07-26 18:19:14.788 | INFO     | engines.export_engine.engine:generate:71 - Exported crime_heads: 30 rows
2026-07-26 18:19:14.793 | INFO     | engines.export_engine.engine:generate:69 - Exported crime_sub_heads: 46 rows
2026-07-26 18:19:14.793 | INFO     | engines.export_engine.engine:generate:71 - Exported crime_sub_heads: 46 rows
2026-07-26 18:19:14.799 | INFO     | engines.export_engine.engine:generate:69 - Exported acts: 17 rows
2026-07-26 18:19:14.800 | INFO     | engines.export_engine.engine:generate:71 - Exported acts: 17 rows
2026-07-26 18:19:14.805 | INFO     | engines.export_engine.engine:generate:69 - Exported sections: 33 rows
2026-07-26 18:19:14.805 | INFO     | engines.export_engine.engine:generate:71 - Exported sections: 33 rows
2026-07-26 18:19:14.888 | INFO     | engines.export_engine.engine:generate:69 - Exported employees: 3000 rows
2026-07-26 18:19:14.888 | INFO     | engines.export_engine.engine:generate:71 - Exported employees: 3000 rows
2026-07-26 18:19:14.933 | INFO     | engines.export_engine.engine:generate:69 - Exported postings: 3000 rows
2026-07-26 18:19:14.933 | INFO     | engines.export_engine.engine:generate:71 - Exported postings: 3000 rows
2026-07-26 18:19:17.092 | INFO     | engines.export_engine.engine:generate:69 - Exported persons: 50000 rows
2026-07-26 18:19:17.092 | INFO     | engines.export_engine.engine:generate:71 - Exported persons: 50000 rows
2026-07-26 18:19:17.271 | INFO     | engines.export_engine.engine:generate:69 - Exported households: 12000 rows
2026-07-26 18:19:17.271 | INFO     | engines.export_engine.engine:generate:71 - Exported households: 12000 rows
2026-07-26 18:19:17.558 | INFO     | engines.export_engine.engine:generate:69 - Exported family_relationships: 44151 rows
2026-07-26 18:19:17.558 | INFO     | engines.export_engine.engine:generate:71 - Exported family_relationships: 44151 rows
2026-07-26 18:19:17.594 | INFO     | engines.export_engine.engine:generate:69 - Exported media_assets: 1672 rows
2026-07-26 18:19:17.594 | INFO     | engines.export_engine.engine:generate:71 - Exported media_assets: 1672 rows
2026-07-26 18:19:17.625 | INFO     | engines.export_engine.engine:generate:69 - Exported time_context: 2557 rows
2026-07-26 18:19:17.625 | INFO     | engines.export_engine.engine:generate:71 - Exported time_context: 2557 rows
2026-07-26 18:19:17.628 | INFO     | engines.export_engine.engine:generate:69 - Exported hourly_crime_distribution: 24 rows
2026-07-26 18:19:17.628 | INFO     | engines.export_engine.engine:generate:71 - Exported hourly_crime_distribution: 24 rows
2026-07-26 18:19:17.677 | INFO     | engines.export_engine.engine:generate:69 - Exported festival_calendar: 3121 rows
2026-07-26 18:19:17.677 | INFO     | engines.export_engine.engine:generate:71 - Exported festival_calendar: 3121 rows
2026-07-26 18:19:18.879 | INFO     | engines.export_engine.engine:generate:69 - Exported weather_records: 79267 rows
2026-07-26 18:19:18.879 | INFO     | engines.export_engine.engine:generate:71 - Exported weather_records: 79267 rows
2026-07-26 18:19:19.187 | INFO     | engines.export_engine.engine:generate:69 - Exported active_scenarios: 34665 rows
2026-07-26 18:19:19.187 | INFO     | engines.export_engine.engine:generate:71 - Exported active_scenarios: 34665 rows
2026-07-26 18:19:21.476 | INFO     | engines.export_engine.engine:generate:69 - Exported probability_modifiers: 186419 rows
2026-07-26 18:19:21.476 | INFO     | engines.export_engine.engine:generate:71 - Exported probability_modifiers: 186419 rows
2026-07-26 18:19:21.515 | INFO     | engines.export_engine.engine:generate:69 - Exported cases: 1000 rows
2026-07-26 18:19:21.516 | INFO     | engines.export_engine.engine:generate:71 - Exported cases: 1000 rows
2026-07-26 18:19:21.527 | INFO     | engines.export_engine.engine:generate:69 - Exported case_acts: 1892 rows
2026-07-26 18:19:21.527 | INFO     | engines.export_engine.engine:generate:71 - Exported case_acts: 1892 rows
2026-07-26 18:19:21.536 | INFO     | engines.export_engine.engine:generate:69 - Exported case_sections: 1282 rows
2026-07-26 18:19:21.536 | INFO     | engines.export_engine.engine:generate:71 - Exported case_sections: 1282 rows
2026-07-26 18:19:21.604 | INFO     | engines.export_engine.engine:generate:69 - Exported crime_events: 6142 rows
2026-07-26 18:19:21.604 | INFO     | engines.export_engine.engine:generate:71 - Exported crime_events: 6142 rows
2026-07-26 18:19:21.614 | INFO     | engines.export_engine.engine:generate:69 - Exported victims: 975 rows
2026-07-26 18:19:21.614 | INFO     | engines.export_engine.engine:generate:71 - Exported victims: 975 rows
2026-07-26 18:19:21.635 | INFO     | engines.export_engine.engine:generate:69 - Exported accused_records: 1983 rows
2026-07-26 18:19:21.635 | INFO     | engines.export_engine.engine:generate:71 - Exported accused_records: 1983 rows
2026-07-26 18:19:21.644 | INFO     | engines.export_engine.engine:generate:69 - Exported complainants: 1000 rows
2026-07-26 18:19:21.644 | INFO     | engines.export_engine.engine:generate:71 - Exported complainants: 1000 rows
2026-07-26 18:19:21.662 | INFO     | engines.export_engine.engine:generate:69 - Exported modus_operandi: 988 rows
2026-07-26 18:19:21.662 | INFO     | engines.export_engine.engine:generate:71 - Exported modus_operandi: 988 rows
2026-07-26 18:19:21.672 | INFO     | engines.export_engine.engine:generate:69 - Exported evidence: 594 rows
2026-07-26 18:19:21.672 | INFO     | engines.export_engine.engine:generate:71 - Exported evidence: 594 rows
2026-07-26 18:19:21.676 | INFO     | engines.export_engine.engine:generate:69 - Exported forensics: 29 rows
2026-07-26 18:19:21.677 | INFO     | engines.export_engine.engine:generate:71 - Exported forensics: 29 rows
2026-07-26 18:19:21.680 | INFO     | engines.export_engine.engine:generate:69 - Exported gangs: 11 rows
2026-07-26 18:19:21.681 | INFO     | engines.export_engine.engine:generate:71 - Exported gangs: 11 rows
2026-07-26 18:19:21.710 | INFO     | engines.export_engine.engine:generate:69 - Exported devices: 1939 rows
2026-07-26 18:19:21.711 | INFO     | engines.export_engine.engine:generate:71 - Exported devices: 1939 rows
2026-07-26 18:19:21.764 | INFO     | engines.export_engine.engine:generate:69 - Exported call_detail_records: 4133 rows
2026-07-26 18:19:21.764 | INFO     | engines.export_engine.engine:generate:71 - Exported call_detail_records: 4133 rows
2026-07-26 18:19:21.791 | INFO     | engines.export_engine.engine:generate:69 - Exported bank_accounts: 2850 rows
2026-07-26 18:19:21.791 | INFO     | engines.export_engine.engine:generate:71 - Exported bank_accounts: 2850 rows
2026-07-26 18:19:21.797 | INFO     | engines.export_engine.engine:generate:69 - Exported financial_transactions: 145 rows
2026-07-26 18:19:21.797 | INFO     | engines.export_engine.engine:generate:71 - Exported financial_transactions: 145 rows
2026-07-26 18:19:21.860 | INFO     | engines.export_engine.engine:generate:69 - Exported investigation_diaries: 5142 rows
2026-07-26 18:19:21.860 | INFO     | engines.export_engine.engine:generate:71 - Exported investigation_diaries: 5142 rows
2026-07-26 18:19:21.866 | INFO     | engines.export_engine.engine:generate:69 - Exported chargesheet_details: 186 rows
2026-07-26 18:19:21.866 | INFO     | engines.export_engine.engine:generate:71 - Exported chargesheet_details: 186 rows
2026-07-26 18:19:21.878 | INFO     | engines.export_engine.engine:generate:69 - Exported court_proceedings: 659 rows
2026-07-26 18:19:21.878 | INFO     | engines.export_engine.engine:generate:71 - Exported court_proceedings: 659 rows
2026-07-26 18:19:21.910 | INFO     | engines.export_engine.engine:generate:69 - Exported narrative_documents: 2496 rows
2026-07-26 18:19:21.910 | INFO     | engines.export_engine.engine:generate:71 - Exported narrative_documents: 2496 rows
2026-07-26 18:19:22.062 | INFO     | engines.export_engine.engine:generate:81 - Exported knowledge_graph_edges: 17953 edges
2026-07-26 18:19:22.407 | INFO     | engines.export_engine.engine:_export_ai_datasets:121 - Exported AI training parquet files.
2026-07-26 18:19:22.439 | INFO     | engines.export_engine.engine:_generate_quality_report:163 - Generated Dataset Quality Report.
2026-07-26 18:19:22.439 | INFO     | engines.export_engine.engine:generate:98 - Export complete: 50 tables, 473265 total rows dumped to output.
2026-07-26 18:19:22.440 | INFO     | engines.base_engine:run:222 - Engine 'export' completed: 0 records across 0 tables in 7.76s
2026-07-26 18:19:22.442 | INFO     | orchestrator:_save_report:264 - Generation report saved to: output\reports\generation_report.json
2026-07-26 18:19:22.442 | INFO     | orchestrator:_save_report:267 - 
2026-07-26 18:19:22.443 | INFO     | orchestrator:_save_report:268 - ============================================================
2026-07-26 18:19:22.443 | INFO     | orchestrator:_save_report:269 - GENERATION REPORT SUMMARY
2026-07-26 18:19:22.443 | INFO     | orchestrator:_save_report:270 - ============================================================
2026-07-26 18:19:22.443 | INFO     | orchestrator:_save_report:271 - Status: SUCCESS
2026-07-26 18:19:22.443 | INFO     | orchestrator:_save_report:272 - Duration: 542.93s
2026-07-26 18:19:22.443 | INFO     | orchestrator:_save_report:273 - Records: 512950
2026-07-26 18:19:22.443 | INFO     | orchestrator:_save_report:274 - Tables: 54
2026-07-26 18:19:22.444 | INFO     | orchestrator:_save_report:275 - Succeeded: 17
2026-07-26 18:19:22.444 | INFO     | orchestrator:_save_report:276 - Failed: 0
2026-07-26 18:19:22.444 | INFO     | orchestrator:_save_report:277 - Skipped: 0
2026-07-26 18:19:22.444 | INFO     | orchestrator:_save_report:278 - 
2026-07-26 18:19:22.444 | INFO     | orchestrator:_save_report:281 - DataStore Contents:
2026-07-26 18:19:22.444 | INFO     | orchestrator:_save_report:283 -   states: 1 records
2026-07-26 18:19:22.445 | INFO     | orchestrator:_save_report:283 -   districts: 31 records
2026-07-26 18:19:22.445 | INFO     | orchestrator:_save_report:283 -   taluks: 111 records
2026-07-26 18:19:22.445 | INFO     | orchestrator:_save_report:283 -   unit_types: 8 records
2026-07-26 18:19:22.445 | INFO     | orchestrator:_save_report:283 -   police_stations: 1376 records
2026-07-26 18:19:22.445 | INFO     | orchestrator:_save_report:283 -   courts: 238 records
2026-07-26 18:19:22.446 | INFO     | orchestrator:_save_report:283 -   ranks: 13 records
2026-07-26 18:19:22.446 | INFO     | orchestrator:_save_report:283 -   designations: 10 records
2026-07-26 18:19:22.446 | INFO     | orchestrator:_save_report:283 -   occupations: 30 records
2026-07-26 18:19:22.446 | INFO     | orchestrator:_save_report:283 -   religions: 7 records
2026-07-26 18:19:22.446 | INFO     | orchestrator:_save_report:283 -   castes: 20 records
2026-07-26 18:19:22.446 | INFO     | orchestrator:_save_report:283 -   case_categories: 4 records
2026-07-26 18:19:22.447 | INFO     | orchestrator:_save_report:283 -   case_statuses: 12 records
2026-07-26 18:19:22.447 | INFO     | orchestrator:_save_report:283 -   gravity_offences: 3 records
2026-07-26 18:19:22.447 | INFO     | orchestrator:_save_report:283 -   crime_heads: 30 records
2026-07-26 18:19:22.447 | INFO     | orchestrator:_save_report:283 -   crime_sub_heads: 46 records
2026-07-26 18:19:22.447 | INFO     | orchestrator:_save_report:283 -   acts: 17 records
2026-07-26 18:19:22.447 | INFO     | orchestrator:_save_report:283 -   sections: 33 records
2026-07-26 18:19:22.448 | INFO     | orchestrator:_save_report:283 -   employees: 3000 records
2026-07-26 18:19:22.448 | INFO     | orchestrator:_save_report:283 -   postings: 3000 records
2026-07-26 18:19:22.448 | INFO     | orchestrator:_save_report:283 -   persons: 50000 records
2026-07-26 18:19:22.448 | INFO     | orchestrator:_save_report:283 -   households: 12000 records
2026-07-26 18:19:22.448 | INFO     | orchestrator:_save_report:283 -   family_relationships: 44151 records
2026-07-26 18:19:22.448 | INFO     | orchestrator:_save_report:283 -   media_assets: 1672 records
2026-07-26 18:19:22.449 | INFO     | orchestrator:_save_report:283 -   media_metadata_all: 51672 records
2026-07-26 18:19:22.449 | INFO     | orchestrator:_save_report:283 -   time_context: 2557 records
2026-07-26 18:19:22.449 | INFO     | orchestrator:_save_report:283 -   hourly_crime_distribution: 24 records
2026-07-26 18:19:22.449 | INFO     | orchestrator:_save_report:283 -   festival_calendar: 3121 records
2026-07-26 18:19:22.449 | INFO     | orchestrator:_save_report:283 -   weather_records: 79267 records
2026-07-26 18:19:22.449 | INFO     | orchestrator:_save_report:283 -   active_scenarios: 34665 records
2026-07-26 18:19:22.450 | INFO     | orchestrator:_save_report:283 -   probability_modifiers: 186419 records
2026-07-26 18:19:22.450 | INFO     | orchestrator:_save_report:283 -   cases: 1000 records
2026-07-26 18:19:22.450 | INFO     | orchestrator:_save_report:283 -   case_acts: 1892 records
2026-07-26 18:19:22.450 | INFO     | orchestrator:_save_report:283 -   case_sections: 1282 records
2026-07-26 18:19:22.450 | INFO     | orchestrator:_save_report:283 -   crime_events: 6142 records
2026-07-26 18:19:22.450 | INFO     | orchestrator:_save_report:283 -   victims: 975 records
2026-07-26 18:19:22.451 | INFO     | orchestrator:_save_report:283 -   accused_records: 1983 records
2026-07-26 18:19:22.451 | INFO     | orchestrator:_save_report:283 -   complainants: 1000 records
2026-07-26 18:19:22.451 | INFO     | orchestrator:_save_report:283 -   modus_operandi: 988 records
2026-07-26 18:19:22.451 | INFO     | orchestrator:_save_report:283 -   evidence: 594 records
2026-07-26 18:19:22.451 | INFO     | orchestrator:_save_report:283 -   forensics: 29 records
2026-07-26 18:19:22.452 | INFO     | orchestrator:_save_report:283 -   gangs: 11 records
2026-07-26 18:19:22.452 | INFO     | orchestrator:_save_report:283 -   devices: 1939 records
2026-07-26 18:19:22.452 | INFO     | orchestrator:_save_report:283 -   call_detail_records: 4133 records
2026-07-26 18:19:22.452 | INFO     | orchestrator:_save_report:283 -   bank_accounts: 2850 records
2026-07-26 18:19:22.452 | INFO     | orchestrator:_save_report:283 -   financial_transactions: 145 records
2026-07-26 18:19:22.453 | INFO     | orchestrator:_save_report:283 -   investigation_diaries: 5142 records
2026-07-26 18:19:22.453 | INFO     | orchestrator:_save_report:283 -   chargesheet_details: 186 records
2026-07-26 18:19:22.453 | INFO     | orchestrator:_save_report:283 -   court_proceedings: 659 records
2026-07-26 18:19:22.453 | INFO     | orchestrator:_save_report:283 -   narrative_documents: 2496 records
2026-07-26 18:19:22.453 | INFO     | orchestrator:_save_report:283 -   knowledge_graph_edges: 17953 records
2026-07-26 18:19:22.453 | INFO     | orchestrator:_save_report:284 - ============================================================
